event_id,trip_id,event_timestamp,unidad_negocio,tipo_evento,evento,patente,origen,destino,peso_kg,created_at
e7665b43-ca1f-4a75-9b9d-230b1b95af9e,32111ec4-ddc0-4cb8-a560-efa22ecf7cbb,2026-01-02T16:53:29.223043,camiones,camion_event,VIAJE_INICIADO,XHY437,Catriló,9 de Julio,,2026-01-07T20:22:47.297142
c6e69943-07d3-4bcf-a28b-445329df9efb,32111ec4-ddc0-4cb8-a560-efa22ecf7cbb,2026-01-02T18:13:29.223043,camiones,camion_event,CARGA,XHY437,Catriló,9 de Julio,29821.0,2026-01-07T20:22:47.297149
e8e325e8-6e06-48c1-98c9-c7464b255323,32111ec4-ddc0-4cb8-a560-efa22ecf7cbb,2026-01-02T19:18:29.223043,camiones,camion_event,DESCARGA,XHY437,Catriló,9 de Julio,29821.0,2026-01-07T20:22:47.297154
72c57bfc-1cb9-42e5-a59c-72174d16af78,32111ec4-ddc0-4cb8-a560-efa22ecf7cbb,2026-01-03T02:35:29.223043,camiones,camion_event,VIAJE_FINALIZADO,XHY437,Catriló,9 de Julio,,2026-01-07T20:22:47.297159
b2991837-c08f-42b5-b7cf-881d030c231a,d46edb8f-8fa1-4b7b-b2d3-22d46d6eb1f6,2026-01-02T12:40:36.011667,camiones,camion_event,VIAJE_INICIADO,AF676ZH,Bahía Blanca,9 de Julio,,2026-01-07T20:22:47.297238
084645e0-b016-46db-846f-288faea189ef,d46edb8f-8fa1-4b7b-b2d3-22d46d6eb1f6,2026-01-02T13:17:36.011667,camiones,camion_event,CARGA,AF676ZH,Bahía Blanca,9 de Julio,29588.0,2026-01-07T20:22:47.297244
8f90f522-33a5-48d0-9e54-3154c1a4bc4a,d46edb8f-8fa1-4b7b-b2d3-22d46d6eb1f6,2026-01-02T16:25:36.011667,camiones,camion_event,DESCARGA,AF676ZH,Bahía Blanca,9 de Julio,29588.0,2026-01-07T20:22:47.297248
607e7bc8-158d-4ebc-b9f9-a472c23b53ec,d46edb8f-8fa1-4b7b-b2d3-22d46d6eb1f6,2026-01-02T20:28:36.011667,camiones,camion_event,VIAJE_FINALIZADO,AF676ZH,Bahía Blanca,9 de Julio,,2026-01-07T20:22:47.297253
11575ebb-f3e5-4d86-9d43-168e80a1f837,cd0a0b3a-514c-4336-a55d-1b5d7aa1106c,2026-01-03T16:04:44.144078,camiones,camion_event,VIAJE_INICIADO,QPT044,Pergamino,Santa Rosa,,2026-01-07T20:22:47.297308
004aadd0-3c13-467f-81d4-e55c08f4a500,cd0a0b3a-514c-4336-a55d-1b5d7aa1106c,2026-01-03T17:16:44.144078,camiones,camion_event,CARGA,QPT044,Pergamino,Santa Rosa,28659.0,2026-01-07T20:22:47.297313
fee58637-7045-4bd1-b069-c8a72ab5635d,cd0a0b3a-514c-4336-a55d-1b5d7aa1106c,2026-01-03T18:10:44.144078,camiones,camion_event,DESCARGA,QPT044,Pergamino,Santa Rosa,28659.0,2026-01-07T20:22:47.297318
2f75b230-bbd3-4da6-a3ec-3f124e0ca7af,cd0a0b3a-514c-4336-a55d-1b5d7aa1106c,2026-01-03T21:34:44.144078,camiones,camion_event,VIAJE_FINALIZADO,QPT044,Pergamino,Santa Rosa,,2026-01-07T20:22:47.297322
25a686a4-542a-464d-999f-1e4f519b849c,4496f6bb-f559-4eec-893f-f3b36e8118d9,2026-01-03T19:20:06.377330,camiones,camion_event,VIAJE_INICIADO,GOQ667,Santa Rosa,9 de Julio,,2026-01-07T20:22:47.297374
a12e9619-1d9b-4bd4-bf1e-ff5359ab99ea,4496f6bb-f559-4eec-893f-f3b36e8118d9,2026-01-03T20:30:06.377330,camiones,camion_event,CARGA,GOQ667,Santa Rosa,9 de Julio,29349.0,2026-01-07T20:22:47.297379
f296e297-78f6-4b01-9392-58f7baa8257a,4496f6bb-f559-4eec-893f-f3b36e8118d9,2026-01-03T21:48:06.377330,camiones,camion_event,DESCARGA,GOQ667,Santa Rosa,9 de Julio,29349.0,2026-01-07T20:22:47.297383
23ab333b-de0f-43a5-82c8-ccd022eb86b8,4496f6bb-f559-4eec-893f-f3b36e8118d9,2026-01-04T00:31:06.377330,camiones,camion_event,VIAJE_FINALIZADO,GOQ667,Santa Rosa,9 de Julio,,2026-01-07T20:22:47.297387
352f8b80-444e-4dac-977f-860e5a23de99,9d65d8f5-dae7-4831-9703-19d80f1c22e8,2026-01-05T23:10:08.047845,camiones,camion_event,VIAJE_INICIADO,AF501XN,Santa Rosa,9 de Julio,,2026-01-07T20:22:47.297447
479f6155-921e-4b7a-a07d-25c3695349c1,9d65d8f5-dae7-4831-9703-19d80f1c22e8,2026-01-06T00:31:08.047845,camiones,camion_event,CARGA,AF501XN,Santa Rosa,9 de Julio,29443.0,2026-01-07T20:22:47.297453
3e92dccf-0311-44e6-ae7d-ae1858516e90,9d65d8f5-dae7-4831-9703-19d80f1c22e8,2026-01-06T01:47:08.047845,camiones,camion_event,DESCARGA,AF501XN,Santa Rosa,9 de Julio,29443.0,2026-01-07T20:22:47.297457
e339fc48-a659-4e37-9973-193e4445016b,9d65d8f5-dae7-4831-9703-19d80f1c22e8,2026-01-06T07:11:08.047845,camiones,camion_event,VIAJE_FINALIZADO,AF501XN,Santa Rosa,9 de Julio,,2026-01-07T20:22:47.297462
38fdd392-7393-428f-bd51-acdc56c26ea0,7d805408-a6d7-4a6b-a31f-0f79c02f234e,2026-01-05T17:07:09.043529,camiones,camion_event,VIAJE_INICIADO,GWH916,Santa Rosa,Catriló,,2026-01-07T20:22:47.297548
c5e4f7ed-e19d-40a1-908b-f9fe67c2e5f4,7d805408-a6d7-4a6b-a31f-0f79c02f234e,2026-01-05T18:08:09.043529,camiones,camion_event,CARGA,GWH916,Santa Rosa,Catriló,29617.0,2026-01-07T20:22:47.297554
2e4d2736-cd80-4d9b-9c21-51087b7acc06,7d805408-a6d7-4a6b-a31f-0f79c02f234e,2026-01-05T21:05:09.043529,camiones,camion_event,DESCARGA,GWH916,Santa Rosa,Catriló,29617.0,2026-01-07T20:22:47.297559
0b127981-c895-4f7a-ac70-082702a85d6e,7d805408-a6d7-4a6b-a31f-0f79c02f234e,2026-01-06T01:47:09.043529,camiones,camion_event,VIAJE_FINALIZADO,GWH916,Santa Rosa,Catriló,,2026-01-07T20:22:47.297563
f0faa7d7-e09e-4df4-ad9f-4f793d7b0966,2b845ce5-d3ee-489c-a915-c956e2b1c351,2026-01-02T18:47:13.940525,camiones,camion_event,VIAJE_INICIADO,AD323PT,Trenque Lauquen,Villa Maza,,2026-01-07T20:22:47.297630
ae0bb7e5-df82-41d5-888b-40c8214e561f,2b845ce5-d3ee-489c-a915-c956e2b1c351,2026-01-02T19:32:13.940525,camiones,camion_event,CARGA,AD323PT,Trenque Lauquen,Villa Maza,29251.0,2026-01-07T20:22:47.297635
bd2cc91c-5b51-4703-bbf6-aaaea29c6bdd,2b845ce5-d3ee-489c-a915-c956e2b1c351,2026-01-02T21:44:13.940525,camiones,camion_event,DESCARGA,AD323PT,Trenque Lauquen,Villa Maza,29251.0,2026-01-07T20:22:47.297640
9c7acab6-8c8d-415e-8ea2-dece2def3f89,2b845ce5-d3ee-489c-a915-c956e2b1c351,2026-01-03T04:47:13.940525,camiones,camion_event,VIAJE_FINALIZADO,AD323PT,Trenque Lauquen,Villa Maza,,2026-01-07T20:22:47.297644
5bbd0c14-ad48-496c-aedc-5e892d70164a,2c60e547-832d-41f5-b76c-ab1372a36473,2026-01-01T03:24:52.070870,camiones,camion_event,VIAJE_INICIADO,LVI207,Bahía Blanca,Trenque Lauquen,,2026-01-07T20:22:47.297695
71e06f55-8781-4943-9c8e-442a32d930e8,2c60e547-832d-41f5-b76c-ab1372a36473,2026-01-01T04:11:52.070870,camiones,camion_event,CARGA,LVI207,Bahía Blanca,Trenque Lauquen,28228.0,2026-01-07T20:22:47.297701
271a7b06-1b0b-4f07-9e96-142436c394a5,2c60e547-832d-41f5-b76c-ab1372a36473,2026-01-01T05:36:52.070870,camiones,camion_event,DESCARGA,LVI207,Bahía Blanca,Trenque Lauquen,28228.0,2026-01-07T20:22:47.297705
5deffc27-496d-413b-80b7-a17d9e431890,2c60e547-832d-41f5-b76c-ab1372a36473,2026-01-01T08:26:52.070870,camiones,camion_event,VIAJE_FINALIZADO,LVI207,Bahía Blanca,Trenque Lauquen,,2026-01-07T20:22:47.297714
87e71901-7480-4469-b618-a4a2f6fb7a45,1c538de0-185d-4f4e-9576-a9fae5d88b34,2026-01-05T17:43:07.918533,camiones,camion_event,VIAJE_INICIADO,WQU724,Pehuajó,González Moreno,,2026-01-07T20:22:47.297771
8f30437a-8c1e-4179-a10c-365f8039f9d1,1c538de0-185d-4f4e-9576-a9fae5d88b34,2026-01-05T19:02:07.918533,camiones,camion_event,CARGA,WQU724,Pehuajó,González Moreno,29290.0,2026-01-07T20:22:47.297776
54a57740-f0ba-45d0-bb1e-bdc400c236a2,1c538de0-185d-4f4e-9576-a9fae5d88b34,2026-01-05T20:03:07.918533,camiones,camion_event,DESCARGA,WQU724,Pehuajó,González Moreno,29290.0,2026-01-07T20:22:47.297780
049052e5-b329-4df4-91cb-4a714d07e76c,1c538de0-185d-4f4e-9576-a9fae5d88b34,2026-01-05T23:43:07.918533,camiones,camion_event,VIAJE_FINALIZADO,WQU724,Pehuajó,González Moreno,,2026-01-07T20:22:47.297785
16c6ebd1-54d0-4fe2-b34a-5004e843f3a7,e527fb22-cfe1-40c4-aa62-fd3bd13405cb,2026-01-02T00:24:51.296064,camiones,camion_event,VIAJE_INICIADO,JNZ011,9 de Julio,Trenque Lauquen,,2026-01-07T20:22:47.297837
1fd61039-ae8a-408f-946e-9272ec44d5d9,e527fb22-cfe1-40c4-aa62-fd3bd13405cb,2026-01-02T01:19:51.296064,camiones,camion_event,CARGA,JNZ011,9 de Julio,Trenque Lauquen,28012.0,2026-01-07T20:22:47.297842
4901d83c-4c3c-4b55-8688-7eeed4c89dcb,e527fb22-cfe1-40c4-aa62-fd3bd13405cb,2026-01-02T03:36:51.296064,camiones,camion_event,DESCARGA,JNZ011,9 de Julio,Trenque Lauquen,28012.0,2026-01-07T20:22:47.297846
16c531b0-a111-4d42-9bba-2b32c5b78cff,e527fb22-cfe1-40c4-aa62-fd3bd13405cb,2026-01-02T09:48:51.296064,camiones,camion_event,VIAJE_FINALIZADO,JNZ011,9 de Julio,Trenque Lauquen,,2026-01-07T20:22:47.297850
a985fd87-3acc-4948-99d0-75ee32b9a6dc,f946facc-b716-4b40-8550-3020b29fcde2,2026-01-03T14:42:17.388899,camiones,camion_event,VIAJE_INICIADO,AA608PU,Daireaux,González Moreno,,2026-01-07T20:22:47.297913
0f660d44-fcd6-4b6c-b8c5-cefef1669edf,f946facc-b716-4b40-8550-3020b29fcde2,2026-01-03T15:42:17.388899,camiones,camion_event,CARGA,AA608PU,Daireaux,González Moreno,29279.0,2026-01-07T20:22:47.297919
5adee731-ab79-4b16-8bb4-4a16cd3a7809,f946facc-b716-4b40-8550-3020b29fcde2,2026-01-03T17:40:17.388899,camiones,camion_event,DESCARGA,AA608PU,Daireaux,González Moreno,29279.0,2026-01-07T20:22:47.297923
17ada180-7a29-44b2-8b03-99eaab9ed5b9,f946facc-b716-4b40-8550-3020b29fcde2,2026-01-03T23:35:17.388899,camiones,camion_event,VIAJE_FINALIZADO,AA608PU,Daireaux,González Moreno,,2026-01-07T20:22:47.297927
5d00ff27-2356-4d96-887d-54f58c376a36,7649ae02-b033-45cc-8ae3-e972df12a018,2026-01-01T14:02:40.597567,camiones,camion_event,VIAJE_INICIADO,AB062OD,Pehuajó,9 de Julio,,2026-01-07T20:22:47.297983
0c2addb5-d743-4189-9428-d9113dc03f89,7649ae02-b033-45cc-8ae3-e972df12a018,2026-01-01T15:32:40.597567,camiones,camion_event,CARGA,AB062OD,Pehuajó,9 de Julio,29946.0,2026-01-07T20:22:47.297988
1dae4e2c-ed4a-47ab-b6c1-368030366992,7649ae02-b033-45cc-8ae3-e972df12a018,2026-01-01T17:39:40.597567,camiones,camion_event,DESCARGA,AB062OD,Pehuajó,9 de Julio,29946.0,2026-01-07T20:22:47.297992
c743cfb9-9240-4ff0-9a64-6278e4b55d9e,7649ae02-b033-45cc-8ae3-e972df12a018,2026-01-01T20:27:40.597567,camiones,camion_event,VIAJE_FINALIZADO,AB062OD,Pehuajó,9 de Julio,,2026-01-07T20:22:47.297996
351ccec2-0191-41e3-8c37-da1c7fffd18b,9f9cfee4-20ad-45e0-b7cd-bb8e7c6139b9,2026-01-06T05:23:56.205226,camiones,camion_event,VIAJE_INICIADO,AB861GQ,González Moreno,Uriburu,,2026-01-07T20:22:47.298050
dc64f2fe-c6ff-49b2-a162-b9cde837d3f6,9f9cfee4-20ad-45e0-b7cd-bb8e7c6139b9,2026-01-06T06:38:56.205226,camiones,camion_event,CARGA,AB861GQ,González Moreno,Uriburu,28374.0,2026-01-07T20:22:47.298055
c327d859-fa53-4523-9b56-7b49d5efb72d,9f9cfee4-20ad-45e0-b7cd-bb8e7c6139b9,2026-01-06T07:28:56.205226,camiones,camion_event,DESCARGA,AB861GQ,González Moreno,Uriburu,28374.0,2026-01-07T20:22:47.298059
38d569a7-8cea-4217-99cc-3359b8f77d25,9f9cfee4-20ad-45e0-b7cd-bb8e7c6139b9,2026-01-06T12:17:56.205226,camiones,camion_event,VIAJE_FINALIZADO,AB861GQ,González Moreno,Uriburu,,2026-01-07T20:22:47.298064
ceb2ce8e-14e6-4754-9300-cf0b5317b565,2ec39f7f-efa6-4111-986f-4ee07b92e8b4,2026-01-03T16:57:04.753176,camiones,camion_event,VIAJE_INICIADO,AC330TS,Villa Maza,Catriló,,2026-01-07T20:22:47.298122
89142558-bf49-4ade-a609-8e8b0e465597,2ec39f7f-efa6-4111-986f-4ee07b92e8b4,2026-01-03T17:40:04.753176,camiones,camion_event,CARGA,AC330TS,Villa Maza,Catriló,29438.0,2026-01-07T20:22:47.298127
3ac9dcf1-cc26-424c-804e-3636f2eea5a8,2ec39f7f-efa6-4111-986f-4ee07b92e8b4,2026-01-03T18:59:04.753176,camiones,camion_event,DESCARGA,AC330TS,Villa Maza,Catriló,29438.0,2026-01-07T20:22:47.298132
3af76a4f-fc51-405b-8c77-8d1cbadbc0d1,2ec39f7f-efa6-4111-986f-4ee07b92e8b4,2026-01-04T01:59:04.753176,camiones,camion_event,VIAJE_FINALIZADO,AC330TS,Villa Maza,Catriló,,2026-01-07T20:22:47.298136
24e9184a-7f4e-41e7-8213-2613a447c0cd,9c753698-c2cc-4e8c-a77c-d40be7347ae2,2026-01-04T01:01:50.890867,camiones,camion_event,VIAJE_INICIADO,AK918PB,Pergamino,Volta,,2026-01-07T20:22:47.298234
56c4d4c0-2b8f-4529-b5d9-d74424dae1e6,9c753698-c2cc-4e8c-a77c-d40be7347ae2,2026-01-04T01:36:50.890867,camiones,camion_event,CARGA,AK918PB,Pergamino,Volta,28095.0,2026-01-07T20:22:47.298240
6c8e605d-fd6b-4f11-84f8-a1de8b88d632,9c753698-c2cc-4e8c-a77c-d40be7347ae2,2026-01-04T04:27:50.890867,camiones,camion_event,DESCARGA,AK918PB,Pergamino,Volta,28095.0,2026-01-07T20:22:47.298244
7742e8ff-ba64-43ca-badd-0319bc07817f,9c753698-c2cc-4e8c-a77c-d40be7347ae2,2026-01-04T07:07:50.890867,camiones,camion_event,VIAJE_FINALIZADO,AK918PB,Pergamino,Volta,,2026-01-07T20:22:47.298248
8d7c44c4-0a51-407b-ae9b-14cf86d6aa5d,5ab509e5-d061-4f5b-aa11-641387bb34e5,2026-01-05T15:23:34.574026,camiones,camion_event,VIAJE_INICIADO,CSU424,9 de Julio,Villa Maza,,2026-01-07T20:22:47.298302
1263ddc4-1302-402a-b771-8504065ac888,5ab509e5-d061-4f5b-aa11-641387bb34e5,2026-01-05T16:14:34.574026,camiones,camion_event,CARGA,CSU424,9 de Julio,Villa Maza,28546.0,2026-01-07T20:22:47.298307
68b7c88d-351e-48f8-8b59-427b9d7e3e22,5ab509e5-d061-4f5b-aa11-641387bb34e5,2026-01-05T18:11:34.574026,camiones,camion_event,DESCARGA,CSU424,9 de Julio,Villa Maza,28546.0,2026-01-07T20:22:47.298319
01789178-d920-4b4d-abd0-85d29038d68c,5ab509e5-d061-4f5b-aa11-641387bb34e5,2026-01-05T22:20:34.574026,camiones,camion_event,VIAJE_FINALIZADO,CSU424,9 de Julio,Villa Maza,,2026-01-07T20:22:47.298324
bbc5f32b-9cbd-40e8-8790-b0b662232285,39824276-5fcb-4ccb-a535-51e10ac7d755,2026-01-01T12:21:16.557724,camiones,camion_event,VIAJE_INICIADO,AE964EK,Trenque Lauquen,Catriló,,2026-01-07T20:22:47.298385
02102acf-76bb-4d15-b593-a7f09ffb92e0,39824276-5fcb-4ccb-a535-51e10ac7d755,2026-01-01T13:06:16.557724,camiones,camion_event,CARGA,AE964EK,Trenque Lauquen,Catriló,28818.0,2026-01-07T20:22:47.298391
42853ac4-88a6-499b-8178-076c4cc85791,39824276-5fcb-4ccb-a535-51e10ac7d755,2026-01-01T14:39:16.557724,camiones,camion_event,DESCARGA,AE964EK,Trenque Lauquen,Catriló,28818.0,2026-01-07T20:22:47.298395
c7859021-6485-497c-9473-bbea30b5d8ff,39824276-5fcb-4ccb-a535-51e10ac7d755,2026-01-01T20:53:16.557724,camiones,camion_event,VIAJE_FINALIZADO,AE964EK,Trenque Lauquen,Catriló,,2026-01-07T20:22:47.298400
67b5fb39-78d0-47c5-a129-f2e54e334725,5fddba05-87cb-4521-89ba-d6091cf35943,2026-01-01T13:32:30.875941,camiones,camion_event,VIAJE_INICIADO,BTF503,Villa Maza,Uriburu,,2026-01-07T20:22:47.298450
d323612c-4b81-467f-a2d8-9e3c7cbeaa21,5fddba05-87cb-4521-89ba-d6091cf35943,2026-01-01T14:56:30.875941,camiones,camion_event,CARGA,BTF503,Villa Maza,Uriburu,28175.0,2026-01-07T20:22:47.298455
77eb451a-4261-4cd2-a48a-b3134ba7a757,5fddba05-87cb-4521-89ba-d6091cf35943,2026-01-01T16:07:30.875941,camiones,camion_event,DESCARGA,BTF503,Villa Maza,Uriburu,28175.0,2026-01-07T20:22:47.298460
ef871c01-7d47-4616-b9e6-18d171eec495,5fddba05-87cb-4521-89ba-d6091cf35943,2026-01-01T23:03:30.875941,camiones,camion_event,VIAJE_FINALIZADO,BTF503,Villa Maza,Uriburu,,2026-01-07T20:22:47.298464
eb2d722f-d049-48a4-8115-6a6a011b2838,6e3ebb46-a29b-4c74-b6a6-b7605a36f219,2026-01-02T10:10:52.295527,camiones,camion_event,VIAJE_INICIADO,OZT191,Bahía Blanca,Uriburu,,2026-01-07T20:22:47.298526
4c57e1ad-d5d9-437c-90b0-5988491420e2,6e3ebb46-a29b-4c74-b6a6-b7605a36f219,2026-01-02T11:27:52.295527,camiones,camion_event,CARGA,OZT191,Bahía Blanca,Uriburu,28358.0,2026-01-07T20:22:47.298532
e5d24ca5-d63c-4a37-be80-afd32be26b2c,6e3ebb46-a29b-4c74-b6a6-b7605a36f219,2026-01-02T14:01:52.295527,camiones,camion_event,DESCARGA,OZT191,Bahía Blanca,Uriburu,28358.0,2026-01-07T20:22:47.298536
ddf20f30-1315-4ab8-8866-e66f7d68141b,6e3ebb46-a29b-4c74-b6a6-b7605a36f219,2026-01-02T20:10:52.295527,camiones,camion_event,VIAJE_FINALIZADO,OZT191,Bahía Blanca,Uriburu,,2026-01-07T20:22:47.298541
27de38c6-5ade-4a04-b3ab-99da788e04bf,b7c15b7f-8845-4110-8d70-c13fa96422c5,2026-01-06T23:11:36.466922,camiones,camion_event,VIAJE_INICIADO,AG389MP,Santa Rosa,Uriburu,,2026-01-07T20:22:47.298603
bad668cd-a030-4713-999f-eda98d9752c7,b7c15b7f-8845-4110-8d70-c13fa96422c5,2026-01-07T00:05:36.466922,camiones,camion_event,CARGA,AG389MP,Santa Rosa,Uriburu,29489.0,2026-01-07T20:22:47.298609
a50d4723-db1b-446f-bf99-246c0774901f,b7c15b7f-8845-4110-8d70-c13fa96422c5,2026-01-07T02:57:36.466922,camiones,camion_event,DESCARGA,AG389MP,Santa Rosa,Uriburu,29489.0,2026-01-07T20:22:47.298613
66ac5a32-1a1d-4329-bb39-292a43a0f520,b7c15b7f-8845-4110-8d70-c13fa96422c5,2026-01-07T06:28:36.466922,camiones,camion_event,VIAJE_FINALIZADO,AG389MP,Santa Rosa,Uriburu,,2026-01-07T20:22:47.298617
4feb80d0-bab5-4acc-85d9-c735512e4522,4577717e-cb11-4d21-a90f-ef6254ddde8c,2026-01-07T08:02:34.668257,camiones,camion_event,VIAJE_INICIADO,WRN839,Bahía Blanca,9 de Julio,,2026-01-07T20:22:47.298667
ee787856-c40f-4c53-82e5-f5c0badf210a,4577717e-cb11-4d21-a90f-ef6254ddde8c,2026-01-07T08:37:34.668257,camiones,camion_event,CARGA,WRN839,Bahía Blanca,9 de Julio,28883.0,2026-01-07T20:22:47.298672
d61053be-5d22-4d68-a276-4c53cae53d99,4577717e-cb11-4d21-a90f-ef6254ddde8c,2026-01-07T10:07:34.668257,camiones,camion_event,DESCARGA,WRN839,Bahía Blanca,9 de Julio,28883.0,2026-01-07T20:22:47.298676
163a4a03-f576-4e53-858b-738a1be034a6,4577717e-cb11-4d21-a90f-ef6254ddde8c,2026-01-07T14:57:34.668257,camiones,camion_event,VIAJE_FINALIZADO,WRN839,Bahía Blanca,9 de Julio,,2026-01-07T20:22:47.298681
ef1e2c21-3f66-40f3-9702-b70b6a537340,bcafc58b-7646-4119-8426-fd262433595a,2026-01-04T20:34:57.366916,camiones,camion_event,VIAJE_INICIADO,JLM609,González Moreno,Santa Rosa,,2026-01-07T20:22:47.298735
92581637-8e7c-460a-a4d9-748fec1a0665,bcafc58b-7646-4119-8426-fd262433595a,2026-01-04T21:16:57.366916,camiones,camion_event,CARGA,JLM609,González Moreno,Santa Rosa,29015.0,2026-01-07T20:22:47.298743
b018bc51-319a-48eb-aec8-0e794dd13111,bcafc58b-7646-4119-8426-fd262433595a,2026-01-04T22:46:57.366916,camiones,camion_event,DESCARGA,JLM609,González Moreno,Santa Rosa,29015.0,2026-01-07T20:22:47.298748
6342e2df-21d7-483c-b143-4afb0d0cf3f7,bcafc58b-7646-4119-8426-fd262433595a,2026-01-05T03:20:57.366916,camiones,camion_event,VIAJE_FINALIZADO,JLM609,González Moreno,Santa Rosa,,2026-01-07T20:22:47.298752
3eb3e647-9998-4c37-9821-3259401cc9ac,3a58c144-74cc-4f59-b22a-f54b394ebd1e,2026-01-07T13:07:45.906637,camiones,camion_event,VIAJE_INICIADO,CLP094,Volta,Pehuajó,,2026-01-07T20:22:47.298801
8b4adce8-b75c-4ea4-99a9-988559cf48cd,3a58c144-74cc-4f59-b22a-f54b394ebd1e,2026-01-07T14:22:45.906637,camiones,camion_event,CARGA,CLP094,Volta,Pehuajó,28839.0,2026-01-07T20:22:47.298806
2dd99ad5-9d03-422a-a510-d14ca600944f,3a58c144-74cc-4f59-b22a-f54b394ebd1e,2026-01-07T16:09:45.906637,camiones,camion_event,DESCARGA,CLP094,Volta,Pehuajó,28839.0,2026-01-07T20:22:47.298810
731f3f95-f274-40c5-915b-c7fd42524dad,3a58c144-74cc-4f59-b22a-f54b394ebd1e,2026-01-07T21:30:45.906637,camiones,camion_event,VIAJE_FINALIZADO,CLP094,Volta,Pehuajó,,2026-01-07T20:22:47.298814
fe7f605a-9a5f-47d7-a1f8-3e3d03625277,5ec26ea8-a641-4e83-8e2e-1f428435ca49,2026-01-06T20:10:41.667022,camiones,camion_event,VIAJE_INICIADO,OIU475,Trenque Lauquen,Catriló,,2026-01-07T20:22:47.298861
5ceced20-a6d6-4f29-99dc-d96fac1aaaa3,5ec26ea8-a641-4e83-8e2e-1f428435ca49,2026-01-06T21:14:41.667022,camiones,camion_event,CARGA,OIU475,Trenque Lauquen,Catriló,29282.0,2026-01-07T20:22:47.298866
981d4216-7e0c-4c9f-9fd1-d7b4c7afd4b0,5ec26ea8-a641-4e83-8e2e-1f428435ca49,2026-01-06T23:41:41.667022,camiones,camion_event,DESCARGA,OIU475,Trenque Lauquen,Catriló,29282.0,2026-01-07T20:22:47.298870
898b0433-0e76-4bfb-9ec4-69976ead2529,5ec26ea8-a641-4e83-8e2e-1f428435ca49,2026-01-07T05:29:41.667022,camiones,camion_event,VIAJE_FINALIZADO,OIU475,Trenque Lauquen,Catriló,,2026-01-07T20:22:47.298875
804a530f-5955-48b5-9b97-478e8ae83487,bc7725e7-3bfc-4732-a99d-2504b6a2619d,2026-01-03T07:56:18.965452,camiones,camion_event,VIAJE_INICIADO,VMQ605,Pehuajó,9 de Julio,,2026-01-07T20:22:47.298921
2100f839-d040-44df-9566-a8d34a95c3de,bc7725e7-3bfc-4732-a99d-2504b6a2619d,2026-01-03T09:20:18.965452,camiones,camion_event,CARGA,VMQ605,Pehuajó,9 de Julio,29565.0,2026-01-07T20:22:47.298927
25c97af2-5f67-47be-9db1-96fe3182ee88,bc7725e7-3bfc-4732-a99d-2504b6a2619d,2026-01-03T10:24:18.965452,camiones,camion_event,DESCARGA,VMQ605,Pehuajó,9 de Julio,29565.0,2026-01-07T20:22:47.298931
c9e6f139-1e7f-49e0-bb09-de491a70d660,bc7725e7-3bfc-4732-a99d-2504b6a2619d,2026-01-03T17:15:18.965452,camiones,camion_event,VIAJE_FINALIZADO,VMQ605,Pehuajó,9 de Julio,,2026-01-07T20:22:47.298939
4f8aa33a-231d-4c61-b7ff-7ba6f092a6b7,9d1f9f44-cd07-48cd-9403-ca8f9add7ceb,2026-01-03T01:58:28.173055,camiones,camion_event,VIAJE_INICIADO,AC986EY,Santa Rosa,Bahía Blanca,,2026-01-07T20:22:47.298992
9ff89e0b-40ed-4e87-b962-ecbbf961a719,9d1f9f44-cd07-48cd-9403-ca8f9add7ceb,2026-01-03T02:40:28.173055,camiones,camion_event,CARGA,AC986EY,Santa Rosa,Bahía Blanca,28970.0,2026-01-07T20:22:47.298997
200f5193-6507-40e6-9622-dba665699a13,9d1f9f44-cd07-48cd-9403-ca8f9add7ceb,2026-01-03T04:06:28.173055,camiones,camion_event,DESCARGA,AC986EY,Santa Rosa,Bahía Blanca,28970.0,2026-01-07T20:22:47.299002
e90f4617-9e29-4024-abf1-84aa56615211,9d1f9f44-cd07-48cd-9403-ca8f9add7ceb,2026-01-03T08:58:28.173055,camiones,camion_event,VIAJE_FINALIZADO,AC986EY,Santa Rosa,Bahía Blanca,,2026-01-07T20:22:47.299006
6136b034-9318-4040-957e-3d1948d56c48,95f4af56-4fc3-4612-9d6f-d4828cb17e92,2026-01-03T08:04:31.988520,camiones,camion_event,VIAJE_INICIADO,LJC367,Volta,González Moreno,,2026-01-07T20:22:47.299055
8c4326f5-a67e-4c54-922f-5dc946d86e56,95f4af56-4fc3-4612-9d6f-d4828cb17e92,2026-01-03T08:35:31.988520,camiones,camion_event,CARGA,LJC367,Volta,González Moreno,29309.0,2026-01-07T20:22:47.299060
a0493a92-aae7-4148-b3ba-1bc186eed9ea,95f4af56-4fc3-4612-9d6f-d4828cb17e92,2026-01-03T11:45:31.988520,camiones,camion_event,DESCARGA,LJC367,Volta,González Moreno,29309.0,2026-01-07T20:22:47.299064
f85f2f73-6d35-4b0f-a6d8-dbbcd4e83192,95f4af56-4fc3-4612-9d6f-d4828cb17e92,2026-01-03T17:28:31.988520,camiones,camion_event,VIAJE_FINALIZADO,LJC367,Volta,González Moreno,,2026-01-07T20:22:47.299068
5a489a0f-512a-404f-963b-e7c4f3c7d73d,e64ca56a-9b45-457f-ab27-bfcc2271873a,2026-01-01T22:33:18.842054,camiones,camion_event,VIAJE_INICIADO,XNY887,Pehuajó,Junín,,2026-01-07T20:22:47.299134
c9c8488e-42bd-4a76-b5f4-4b24af28fa7e,e64ca56a-9b45-457f-ab27-bfcc2271873a,2026-01-01T23:23:18.842054,camiones,camion_event,CARGA,XNY887,Pehuajó,Junín,28580.0,2026-01-07T20:22:47.299140
f3c3973b-c0fd-4073-ab73-6f74b74b3e81,e64ca56a-9b45-457f-ab27-bfcc2271873a,2026-01-02T02:13:18.842054,camiones,camion_event,DESCARGA,XNY887,Pehuajó,Junín,28580.0,2026-01-07T20:22:47.299144
e8845788-ab90-486f-8f50-afaba3b17912,e64ca56a-9b45-457f-ab27-bfcc2271873a,2026-01-02T06:52:18.842054,camiones,camion_event,VIAJE_FINALIZADO,XNY887,Pehuajó,Junín,,2026-01-07T20:22:47.299149
4f03c293-dd53-4e71-8655-289f238a8195,5282c688-c3aa-488e-805d-056112ad94cb,2026-01-07T01:37:15.596127,camiones,camion_event,VIAJE_INICIADO,STT415,9 de Julio,Junín,,2026-01-07T20:22:47.299210
b5e030f3-1781-417d-98c3-8ad546fccbb3,5282c688-c3aa-488e-805d-056112ad94cb,2026-01-07T02:32:15.596127,camiones,camion_event,CARGA,STT415,9 de Julio,Junín,28671.0,2026-01-07T20:22:47.299216
13f0c414-1506-4140-8f28-a1b3724e112d,5282c688-c3aa-488e-805d-056112ad94cb,2026-01-07T05:35:15.596127,camiones,camion_event,DESCARGA,STT415,9 de Julio,Junín,28671.0,2026-01-07T20:22:47.299220
4b0f7e3a-4561-47b1-93c9-be991770d517,5282c688-c3aa-488e-805d-056112ad94cb,2026-01-07T06:42:15.596127,camiones,camion_event,VIAJE_FINALIZADO,STT415,9 de Julio,Junín,,2026-01-07T20:22:47.299224
31a8446c-7e08-4576-a9b0-d0fe71e7120f,18c05c36-b3e7-4347-b872-276810d6e596,2026-01-04T16:49:45.326434,camiones,camion_event,VIAJE_INICIADO,AD872EV,González Moreno,Villa Maza,,2026-01-07T20:22:47.299283
65c3af31-8320-4f23-89ea-1901f0f5aa6c,18c05c36-b3e7-4347-b872-276810d6e596,2026-01-04T17:41:45.326434,camiones,camion_event,CARGA,AD872EV,González Moreno,Villa Maza,29490.0,2026-01-07T20:22:47.299288
cd7f90f2-118b-4f44-873e-0fd426f848ed,18c05c36-b3e7-4347-b872-276810d6e596,2026-01-04T20:40:45.326434,camiones,camion_event,DESCARGA,AD872EV,González Moreno,Villa Maza,29490.0,2026-01-07T20:22:47.299292
7a79c4bf-e809-4080-8da4-bdeea77f8d11,18c05c36-b3e7-4347-b872-276810d6e596,2026-01-05T01:05:45.326434,camiones,camion_event,VIAJE_FINALIZADO,AD872EV,González Moreno,Villa Maza,,2026-01-07T20:22:47.299297
932c93fb-fcd0-4aef-bb7e-36d29978f4d4,e56767ed-2894-40f3-8f32-d613c60fb81d,2026-01-05T21:21:35.277219,camiones,camion_event,VIAJE_INICIADO,UTL489,Catriló,9 de Julio,,2026-01-07T20:22:47.299346
88f1aee2-4353-4aa8-9dda-379a175dc996,e56767ed-2894-40f3-8f32-d613c60fb81d,2026-01-05T22:20:35.277219,camiones,camion_event,CARGA,UTL489,Catriló,9 de Julio,28588.0,2026-01-07T20:22:47.299350
4f4aa768-94d4-4711-8810-b8bab9d7ec4f,e56767ed-2894-40f3-8f32-d613c60fb81d,2026-01-06T01:10:35.277219,camiones,camion_event,DESCARGA,UTL489,Catriló,9 de Julio,28588.0,2026-01-07T20:22:47.299355
970abc62-f305-40b1-8b5c-468c97323eeb,e56767ed-2894-40f3-8f32-d613c60fb81d,2026-01-06T05:19:35.277219,camiones,camion_event,VIAJE_FINALIZADO,UTL489,Catriló,9 de Julio,,2026-01-07T20:22:47.299359
76dd0f77-6002-482f-b98c-297174d31f56,2bb21f24-b8d1-4abc-8e71-d1636ed02fbc,2026-01-06T07:13:21.976455,camiones,camion_event,VIAJE_INICIADO,WSM815,Santa Rosa,9 de Julio,,2026-01-07T20:22:47.299406
076d04cb-833b-4620-9323-7d0981b7e45a,2bb21f24-b8d1-4abc-8e71-d1636ed02fbc,2026-01-06T07:48:21.976455,camiones,camion_event,CARGA,WSM815,Santa Rosa,9 de Julio,28966.0,2026-01-07T20:22:47.299411
7908f2d1-ed59-48af-8e86-cc7218f6b3f7,2bb21f24-b8d1-4abc-8e71-d1636ed02fbc,2026-01-06T09:46:21.976455,camiones,camion_event,DESCARGA,WSM815,Santa Rosa,9 de Julio,28966.0,2026-01-07T20:22:47.299415
8a889630-79a8-4fb4-b25a-362d8e54ae21,2bb21f24-b8d1-4abc-8e71-d1636ed02fbc,2026-01-06T15:01:21.976455,camiones,camion_event,VIAJE_FINALIZADO,WSM815,Santa Rosa,9 de Julio,,2026-01-07T20:22:47.299420
e905404d-b32d-4114-aee5-5e98457f6389,bcfd959f-7917-4161-9654-6fe57be4bcbe,2026-01-03T22:58:08.729629,camiones,camion_event,VIAJE_INICIADO,TML298,Trenque Lauquen,9 de Julio,,2026-01-07T20:22:47.299467
735d11f1-e3bb-4d65-af07-eea6fc88a3a8,bcfd959f-7917-4161-9654-6fe57be4bcbe,2026-01-03T23:40:08.729629,camiones,camion_event,CARGA,TML298,Trenque Lauquen,9 de Julio,29500.0,2026-01-07T20:22:47.299472
3845b19d-45f9-4e0d-9701-15972c3ddf36,bcfd959f-7917-4161-9654-6fe57be4bcbe,2026-01-04T02:44:08.729629,camiones,camion_event,DESCARGA,TML298,Trenque Lauquen,9 de Julio,29500.0,2026-01-07T20:22:47.299476
a3645e71-55d8-4c7f-889b-22ec8198227f,bcfd959f-7917-4161-9654-6fe57be4bcbe,2026-01-04T07:50:08.729629,camiones,camion_event,VIAJE_FINALIZADO,TML298,Trenque Lauquen,9 de Julio,,2026-01-07T20:22:47.299481
c0b5ac00-c907-4b1e-83cc-7d1befcbd5b2,d86717ff-34ad-4e8f-b32e-ee4df9f009b6,2026-01-01T00:47:37.510756,camiones,camion_event,VIAJE_INICIADO,AB280BU,Catriló,Villa Maza,,2026-01-07T20:22:47.299558
6bbee392-791d-42ff-b2e5-5b7ab25d81db,d86717ff-34ad-4e8f-b32e-ee4df9f009b6,2026-01-01T01:44:37.510756,camiones,camion_event,CARGA,AB280BU,Catriló,Villa Maza,28036.0,2026-01-07T20:22:47.299568
0cf9b157-4901-4dc9-bf5d-c99ebb7d999d,d86717ff-34ad-4e8f-b32e-ee4df9f009b6,2026-01-01T03:22:37.510756,camiones,camion_event,DESCARGA,AB280BU,Catriló,Villa Maza,28036.0,2026-01-07T20:22:47.299573
dd67ebb9-391f-4c8a-8498-aee3f3bc4eb3,d86717ff-34ad-4e8f-b32e-ee4df9f009b6,2026-01-01T09:44:37.510756,camiones,camion_event,VIAJE_FINALIZADO,AB280BU,Catriló,Villa Maza,,2026-01-07T20:22:47.299578
7f2376de-93b7-4095-aa42-9059ee14c9d7,22bd5982-563a-4e5c-8f0f-8cabe8ad7497,2026-01-03T18:44:43.069093,camiones,camion_event,VIAJE_INICIADO,XWX513,9 de Julio,Pehuajó,,2026-01-07T20:22:47.299635
de9be4d1-adff-4c84-a92e-9b51c829de32,22bd5982-563a-4e5c-8f0f-8cabe8ad7497,2026-01-03T20:12:43.069093,camiones,camion_event,CARGA,XWX513,9 de Julio,Pehuajó,28366.0,2026-01-07T20:22:47.299640
eb39a148-cff6-4300-bba8-7c7876b6bea7,22bd5982-563a-4e5c-8f0f-8cabe8ad7497,2026-01-03T22:22:43.069093,camiones,camion_event,DESCARGA,XWX513,9 de Julio,Pehuajó,28366.0,2026-01-07T20:22:47.299644
c0c4ed20-17e5-4382-85af-352f20d76ddf,22bd5982-563a-4e5c-8f0f-8cabe8ad7497,2026-01-04T02:47:43.069093,camiones,camion_event,VIAJE_FINALIZADO,XWX513,9 de Julio,Pehuajó,,2026-01-07T20:22:47.299649
0502feab-afd1-4282-b956-e81b73955c48,3fda9bad-ef31-42a7-90c9-5634ce3b2d0f,2026-01-01T19:26:19.568841,camiones,camion_event,VIAJE_INICIADO,XZI230,Junín,Pehuajó,,2026-01-07T20:22:47.299699
b386ad48-b607-4e5b-9543-33ca6fb8036e,3fda9bad-ef31-42a7-90c9-5634ce3b2d0f,2026-01-01T20:02:19.568841,camiones,camion_event,CARGA,XZI230,Junín,Pehuajó,28665.0,2026-01-07T20:22:47.299704
cf3c0fc4-5bf7-4b91-b7d7-58fd6deb9bf2,3fda9bad-ef31-42a7-90c9-5634ce3b2d0f,2026-01-01T22:05:19.568841,camiones,camion_event,DESCARGA,XZI230,Junín,Pehuajó,28665.0,2026-01-07T20:22:47.299708
ea17c811-07f4-4ee3-adf4-d4de854c188e,3fda9bad-ef31-42a7-90c9-5634ce3b2d0f,2026-01-02T01:30:19.568841,camiones,camion_event,VIAJE_FINALIZADO,XZI230,Junín,Pehuajó,,2026-01-07T20:22:47.299713
0591d7eb-677d-48c9-bddb-f2a60387f84c,654beb5e-9367-4261-8328-a2b54de9a859,2026-01-03T12:18:35.546022,camiones,camion_event,VIAJE_INICIADO,AG969ZS,Pehuajó,Pergamino,,2026-01-07T20:22:47.299766
303af358-20a2-4c8b-90b4-3686dc360dff,654beb5e-9367-4261-8328-a2b54de9a859,2026-01-03T13:48:35.546022,camiones,camion_event,CARGA,AG969ZS,Pehuajó,Pergamino,28927.0,2026-01-07T20:22:47.299771
27245ccb-7574-4165-949b-8617391c4203,654beb5e-9367-4261-8328-a2b54de9a859,2026-01-03T16:14:35.546022,camiones,camion_event,DESCARGA,AG969ZS,Pehuajó,Pergamino,28927.0,2026-01-07T20:22:47.299775
1d8317e3-4e4c-4e81-ac92-1189aa849fda,654beb5e-9367-4261-8328-a2b54de9a859,2026-01-03T21:01:35.546022,camiones,camion_event,VIAJE_FINALIZADO,AG969ZS,Pehuajó,Pergamino,,2026-01-07T20:22:47.299779
91a20e7a-4234-4e51-92a5-e3a2bcf5fce0,3dfd9379-dd40-43e5-abdd-4b7ceb0df7c1,2026-01-06T15:41:01.519834,camiones,camion_event,VIAJE_INICIADO,PRN435,9 de Julio,Pergamino,,2026-01-07T20:22:47.299827
2b84ffe1-ce69-4935-948c-b7441e7cabd9,3dfd9379-dd40-43e5-abdd-4b7ceb0df7c1,2026-01-06T17:01:01.519834,camiones,camion_event,CARGA,PRN435,9 de Julio,Pergamino,28630.0,2026-01-07T20:22:47.299832
e936ac97-4c0e-46eb-8e5f-add223f4b04f,3dfd9379-dd40-43e5-abdd-4b7ceb0df7c1,2026-01-06T17:52:01.519834,camiones,camion_event,DESCARGA,PRN435,9 de Julio,Pergamino,28630.0,2026-01-07T20:22:47.299841
38d83a86-7491-4657-9f68-f8c67742a7eb,3dfd9379-dd40-43e5-abdd-4b7ceb0df7c1,2026-01-07T01:09:01.519834,camiones,camion_event,VIAJE_FINALIZADO,PRN435,9 de Julio,Pergamino,,2026-01-07T20:22:47.299845
fef61bee-ec13-46b5-98ac-14c12e1145c4,dc4b1aca-9e06-47d8-a500-bc59e736be25,2026-01-04T02:52:59.721645,camiones,camion_event,VIAJE_INICIADO,DLY107,Villa Maza,Pergamino,,2026-01-07T20:22:47.299894
0dfcde83-bcc2-4731-bdd7-186e8af74d11,dc4b1aca-9e06-47d8-a500-bc59e736be25,2026-01-04T04:09:59.721645,camiones,camion_event,CARGA,DLY107,Villa Maza,Pergamino,29716.0,2026-01-07T20:22:47.299899
b2526806-f938-453e-8ffe-309f76187396,dc4b1aca-9e06-47d8-a500-bc59e736be25,2026-01-04T05:32:59.721645,camiones,camion_event,DESCARGA,DLY107,Villa Maza,Pergamino,29716.0,2026-01-07T20:22:47.299907
31897a8a-a0dc-4edf-b314-8ef3f18948c5,dc4b1aca-9e06-47d8-a500-bc59e736be25,2026-01-04T08:06:59.721645,camiones,camion_event,VIAJE_FINALIZADO,DLY107,Villa Maza,Pergamino,,2026-01-07T20:22:47.299911
b2cb0e08-cb30-4d67-b1da-61adf7d91640,81f4cf68-841d-4890-8d01-2d896eee8bb1,2026-01-06T14:33:44.226106,camiones,camion_event,VIAJE_INICIADO,NGO878,9 de Julio,González Moreno,,2026-01-07T20:22:47.299959
be4efdfe-94bb-4e78-a6d4-b37e779982c9,81f4cf68-841d-4890-8d01-2d896eee8bb1,2026-01-06T15:16:44.226106,camiones,camion_event,CARGA,NGO878,9 de Julio,González Moreno,28797.0,2026-01-07T20:22:47.299964
8ba4acb4-a12f-4270-b436-7a78534f71c6,81f4cf68-841d-4890-8d01-2d896eee8bb1,2026-01-06T17:10:44.226106,camiones,camion_event,DESCARGA,NGO878,9 de Julio,González Moreno,28797.0,2026-01-07T20:22:47.299968
31b141ac-cd2f-4990-95c3-b2651ec59744,81f4cf68-841d-4890-8d01-2d896eee8bb1,2026-01-06T23:24:44.226106,camiones,camion_event,VIAJE_FINALIZADO,NGO878,9 de Julio,González Moreno,,2026-01-07T20:22:47.299972
de0c029c-538c-4c73-9943-e010887fb7a5,68036075-92be-4f5a-be14-2955a3f77e0f,2026-01-05T00:01:27.992682,camiones,camion_event,VIAJE_INICIADO,CDB102,Villa Maza,Trenque Lauquen,,2026-01-07T20:22:47.300019
1f8a94df-5b1e-4ac2-b174-dc1f7d868f0f,68036075-92be-4f5a-be14-2955a3f77e0f,2026-01-05T01:29:27.992682,camiones,camion_event,CARGA,CDB102,Villa Maza,Trenque Lauquen,28266.0,2026-01-07T20:22:47.300024
4c9cda5e-8276-4228-9c40-4f397f1a25dc,68036075-92be-4f5a-be14-2955a3f77e0f,2026-01-05T02:49:27.992682,camiones,camion_event,DESCARGA,CDB102,Villa Maza,Trenque Lauquen,28266.0,2026-01-07T20:22:47.300028
db1c7408-f867-4206-a63f-7b33053f2de1,68036075-92be-4f5a-be14-2955a3f77e0f,2026-01-05T07:19:27.992682,camiones,camion_event,VIAJE_FINALIZADO,CDB102,Villa Maza,Trenque Lauquen,,2026-01-07T20:22:47.300032
4a2a815e-d118-4c5a-a92f-a9a473438b51,62a8497c-4ea1-4f22-a163-fe9ee647f7f2,2026-01-03T08:35:17.086236,camiones,camion_event,VIAJE_INICIADO,SCZ109,9 de Julio,Villa Maza,,2026-01-07T20:22:47.300079
d4f29c41-1932-4c62-8f62-dc8ad27a6751,62a8497c-4ea1-4f22-a163-fe9ee647f7f2,2026-01-03T09:05:17.086236,camiones,camion_event,CARGA,SCZ109,9 de Julio,Villa Maza,29753.0,2026-01-07T20:22:47.300083
e50816be-dccd-4e17-befd-24e1a5ea66bd,62a8497c-4ea1-4f22-a163-fe9ee647f7f2,2026-01-03T10:49:17.086236,camiones,camion_event,DESCARGA,SCZ109,9 de Julio,Villa Maza,29753.0,2026-01-07T20:22:47.300088
09ef3158-ef57-4402-a7c4-9b9f506d216d,62a8497c-4ea1-4f22-a163-fe9ee647f7f2,2026-01-03T16:55:17.086236,camiones,camion_event,VIAJE_FINALIZADO,SCZ109,9 de Julio,Villa Maza,,2026-01-07T20:22:47.300096
3afdddd5-a609-4558-8516-8b9ab3dff47c,a159725b-6810-4562-95c1-bbfe93be017a,2026-01-07T12:07:47.246492,camiones,camion_event,VIAJE_INICIADO,AE875IK,Villa Maza,Daireaux,,2026-01-07T20:22:47.300149
69bd9a57-9a51-4fde-8bbf-47ed5d60fc81,a159725b-6810-4562-95c1-bbfe93be017a,2026-01-07T13:30:47.246492,camiones,camion_event,CARGA,AE875IK,Villa Maza,Daireaux,28056.0,2026-01-07T20:22:47.300154
803478e7-a40e-4c10-8b52-73aba23cce4b,a159725b-6810-4562-95c1-bbfe93be017a,2026-01-07T15:12:47.246492,camiones,camion_event,DESCARGA,AE875IK,Villa Maza,Daireaux,28056.0,2026-01-07T20:22:47.300158
275ac466-b404-41d5-899a-81d520f94751,a159725b-6810-4562-95c1-bbfe93be017a,2026-01-07T21:02:47.246492,camiones,camion_event,VIAJE_FINALIZADO,AE875IK,Villa Maza,Daireaux,,2026-01-07T20:22:47.300162
6f0c9d31-838a-4f6f-bd8f-9e89e32dd7f1,b6c96124-de9c-414d-a562-3044667e7e47,2026-01-07T11:49:20.776977,camiones,camion_event,VIAJE_INICIADO,NLC901,Uriburu,Catriló,,2026-01-07T20:22:47.300209
ff5d698b-1056-41c6-85f2-72f1df3dda97,b6c96124-de9c-414d-a562-3044667e7e47,2026-01-07T13:07:20.776977,camiones,camion_event,CARGA,NLC901,Uriburu,Catriló,29213.0,2026-01-07T20:22:47.300214
3468d263-3b2b-467f-91c1-250a576499aa,b6c96124-de9c-414d-a562-3044667e7e47,2026-01-07T15:38:20.776977,camiones,camion_event,DESCARGA,NLC901,Uriburu,Catriló,29213.0,2026-01-07T20:22:47.300219
9d960b83-c94b-4c1f-8239-0b72f18917f2,b6c96124-de9c-414d-a562-3044667e7e47,2026-01-07T17:19:20.776977,camiones,camion_event,VIAJE_FINALIZADO,NLC901,Uriburu,Catriló,,2026-01-07T20:22:47.300223
d0d19abc-cdf9-44d2-aaf6-73f813fa02b5,2a038b5d-5d13-4984-9db9-7f8a233b998d,2026-01-04T12:46:51.451254,camiones,camion_event,VIAJE_INICIADO,AF209JQ,González Moreno,Trenque Lauquen,,2026-01-07T20:22:47.300275
a8b74225-e358-4d02-b358-3937195f9239,2a038b5d-5d13-4984-9db9-7f8a233b998d,2026-01-04T13:42:51.451254,camiones,camion_event,CARGA,AF209JQ,González Moreno,Trenque Lauquen,29488.0,2026-01-07T20:22:47.300283
a25a41fe-a74b-4a3f-a84f-86cb37a16925,2a038b5d-5d13-4984-9db9-7f8a233b998d,2026-01-04T15:46:51.451254,camiones,camion_event,DESCARGA,AF209JQ,González Moreno,Trenque Lauquen,29488.0,2026-01-07T20:22:47.300288
b0b42cfb-2cc0-44f4-a599-6422f6dc5a89,2a038b5d-5d13-4984-9db9-7f8a233b998d,2026-01-04T21:57:51.451254,camiones,camion_event,VIAJE_FINALIZADO,AF209JQ,González Moreno,Trenque Lauquen,,2026-01-07T20:22:47.300292
3881fa9d-5f75-4809-a410-8c731de3b035,dd1eb0c7-54ec-4a01-8cbf-e52b532a1319,2026-01-01T07:32:15.266981,camiones,camion_event,VIAJE_INICIADO,ICM094,Pergamino,Bahía Blanca,,2026-01-07T20:22:47.300341
29ccaa3c-e886-4289-9ad8-3157f4a9fd9e,dd1eb0c7-54ec-4a01-8cbf-e52b532a1319,2026-01-01T08:51:15.266981,camiones,camion_event,CARGA,ICM094,Pergamino,Bahía Blanca,29046.0,2026-01-07T20:22:47.300345
e41a0377-484d-444b-a3f6-a75474e66820,dd1eb0c7-54ec-4a01-8cbf-e52b532a1319,2026-01-01T11:26:15.266981,camiones,camion_event,DESCARGA,ICM094,Pergamino,Bahía Blanca,29046.0,2026-01-07T20:22:47.300350
3f3fa47b-52a0-4f7e-8647-ba3e839f64e9,dd1eb0c7-54ec-4a01-8cbf-e52b532a1319,2026-01-01T13:24:15.266981,camiones,camion_event,VIAJE_FINALIZADO,ICM094,Pergamino,Bahía Blanca,,2026-01-07T20:22:47.300354
67e745d4-1902-47de-a177-ddb6b1e50847,4e67f918-3b32-4e46-ac97-33735a3be1a8,2026-01-02T22:39:13.929788,camiones,camion_event,VIAJE_INICIADO,WKJ409,Trenque Lauquen,9 de Julio,,2026-01-07T20:22:47.300401
9aa9094a-4263-42c4-8cfa-b1882d22120d,4e67f918-3b32-4e46-ac97-33735a3be1a8,2026-01-02T23:25:13.929788,camiones,camion_event,CARGA,WKJ409,Trenque Lauquen,9 de Julio,28059.0,2026-01-07T20:22:47.300406
12432114-f705-4a7c-ab99-6d1c01e1286d,4e67f918-3b32-4e46-ac97-33735a3be1a8,2026-01-03T02:38:13.929788,camiones,camion_event,DESCARGA,WKJ409,Trenque Lauquen,9 de Julio,28059.0,2026-01-07T20:22:47.300410
20078769-5723-400d-adb5-1096c76d189d,4e67f918-3b32-4e46-ac97-33735a3be1a8,2026-01-03T05:51:13.929788,camiones,camion_event,VIAJE_FINALIZADO,WKJ409,Trenque Lauquen,9 de Julio,,2026-01-07T20:22:47.300414
7f189e48-a8bc-48db-8c88-8dfe9ec0b88c,ffba9ecb-7f33-4747-bcb3-b33eaa25d124,2026-01-05T20:20:10.584280,camiones,camion_event,VIAJE_INICIADO,DTD669,González Moreno,Villa Maza,,2026-01-07T20:22:47.300461
c3ed5d9e-5686-403b-ad9f-6e072bcc5ad0,ffba9ecb-7f33-4747-bcb3-b33eaa25d124,2026-01-05T21:05:10.584280,camiones,camion_event,CARGA,DTD669,González Moreno,Villa Maza,29196.0,2026-01-07T20:22:47.300465
a4c31362-1a14-43b5-b8cf-bf01bf22fd41,ffba9ecb-7f33-4747-bcb3-b33eaa25d124,2026-01-05T23:30:10.584280,camiones,camion_event,DESCARGA,DTD669,González Moreno,Villa Maza,29196.0,2026-01-07T20:22:47.300470
fc11d86d-bddc-4b03-b14d-658f1f3200f2,ffba9ecb-7f33-4747-bcb3-b33eaa25d124,2026-01-06T03:22:10.584280,camiones,camion_event,VIAJE_FINALIZADO,DTD669,González Moreno,Villa Maza,,2026-01-07T20:22:47.300474
53210f67-2e62-41b1-bb33-f570a0bb45bb,8de923cf-0c95-420c-a595-de8a9223c642,2026-01-02T16:34:13.424641,camiones,camion_event,VIAJE_INICIADO,AC290FZ,9 de Julio,Volta,,2026-01-07T20:22:47.300531
2669fa68-6cf9-4244-8e34-8f63989c3349,8de923cf-0c95-420c-a595-de8a9223c642,2026-01-02T17:25:13.424641,camiones,camion_event,CARGA,AC290FZ,9 de Julio,Volta,29384.0,2026-01-07T20:22:47.300536
e4176981-2bcc-4e5a-8e32-f8da0feb229c,8de923cf-0c95-420c-a595-de8a9223c642,2026-01-02T19:49:13.424641,camiones,camion_event,DESCARGA,AC290FZ,9 de Julio,Volta,29384.0,2026-01-07T20:22:47.300557
21504f1f-74a7-4a10-9c53-15e1988856c9,8de923cf-0c95-420c-a595-de8a9223c642,2026-01-02T22:04:13.424641,camiones,camion_event,VIAJE_FINALIZADO,AC290FZ,9 de Julio,Volta,,2026-01-07T20:22:47.300565
1cc7f9ab-eb74-4636-b461-2469442d9f44,83458a5f-2789-4f05-b55d-99defd900982,2026-01-04T17:53:18.828933,camiones,camion_event,VIAJE_INICIADO,AC811IR,9 de Julio,Pehuajó,,2026-01-07T20:22:47.300631
77308947-2c6c-40b1-a0c1-492009e4a3e9,83458a5f-2789-4f05-b55d-99defd900982,2026-01-04T19:20:18.828933,camiones,camion_event,CARGA,AC811IR,9 de Julio,Pehuajó,29229.0,2026-01-07T20:22:47.300636
1bf89a4a-df68-4fc0-bbc7-6fcb929b9929,83458a5f-2789-4f05-b55d-99defd900982,2026-01-04T20:44:18.828933,camiones,camion_event,DESCARGA,AC811IR,9 de Julio,Pehuajó,29229.0,2026-01-07T20:22:47.300641
e80bb032-1837-4945-882c-af7ca9359228,83458a5f-2789-4f05-b55d-99defd900982,2026-01-04T23:34:18.828933,camiones,camion_event,VIAJE_FINALIZADO,AC811IR,9 de Julio,Pehuajó,,2026-01-07T20:22:47.300645
961d2ccd-6f77-4632-8af9-0d8cd3e8cc6b,8e9a1cd6-3fe7-4566-bb2d-7897ed61c9e8,2026-01-05T22:41:12.695402,camiones,camion_event,VIAJE_INICIADO,DID985,Villa Maza,9 de Julio,,2026-01-07T20:22:47.300702
c8086a63-c818-4b97-9fae-d9ed878241b1,8e9a1cd6-3fe7-4566-bb2d-7897ed61c9e8,2026-01-05T23:28:12.695402,camiones,camion_event,CARGA,DID985,Villa Maza,9 de Julio,29076.0,2026-01-07T20:22:47.300715
8232fc36-3d5b-4e19-a636-6c55bf681d33,8e9a1cd6-3fe7-4566-bb2d-7897ed61c9e8,2026-01-06T00:52:12.695402,camiones,camion_event,DESCARGA,DID985,Villa Maza,9 de Julio,29076.0,2026-01-07T20:22:47.300720
c4e49cd0-d974-4aa2-9c3f-7ca85dcec280,8e9a1cd6-3fe7-4566-bb2d-7897ed61c9e8,2026-01-06T05:57:12.695402,camiones,camion_event,VIAJE_FINALIZADO,DID985,Villa Maza,9 de Julio,,2026-01-07T20:22:47.300724
8ee497b1-ff26-4e0a-b458-ad3cba85cb58,43221622-2c2e-4734-b2eb-3c047884a5e1,2026-01-01T19:59:49.447543,camiones,camion_event,VIAJE_INICIADO,FXS474,Trenque Lauquen,González Moreno,,2026-01-07T20:22:47.300775
a6b4ebbe-806e-4aae-a866-f33d64d7d890,43221622-2c2e-4734-b2eb-3c047884a5e1,2026-01-01T21:03:49.447543,camiones,camion_event,CARGA,FXS474,Trenque Lauquen,González Moreno,28652.0,2026-01-07T20:22:47.300780
6cff2302-81b8-4203-9948-376486405741,43221622-2c2e-4734-b2eb-3c047884a5e1,2026-01-01T23:47:49.447543,camiones,camion_event,DESCARGA,FXS474,Trenque Lauquen,González Moreno,28652.0,2026-01-07T20:22:47.300784
add6777c-154d-474c-85c7-24df4eded7a7,43221622-2c2e-4734-b2eb-3c047884a5e1,2026-01-02T03:39:49.447543,camiones,camion_event,VIAJE_FINALIZADO,FXS474,Trenque Lauquen,González Moreno,,2026-01-07T20:22:47.300788
6b4602d2-e002-4cdc-933f-68b06b48d4af,c8e5885a-46b3-42bc-bd55-f4a1608bc32d,2026-01-03T03:02:04.702739,camiones,camion_event,VIAJE_INICIADO,KLF697,González Moreno,9 de Julio,,2026-01-07T20:22:47.300836
f3ecaf45-1fd9-4a32-9844-f904ea92c4e5,c8e5885a-46b3-42bc-bd55-f4a1608bc32d,2026-01-03T04:20:04.702739,camiones,camion_event,CARGA,KLF697,González Moreno,9 de Julio,29110.0,2026-01-07T20:22:47.300841
0b935281-167a-4c3a-84c6-92043fbe4791,c8e5885a-46b3-42bc-bd55-f4a1608bc32d,2026-01-03T06:37:04.702739,camiones,camion_event,DESCARGA,KLF697,González Moreno,9 de Julio,29110.0,2026-01-07T20:22:47.300845
2a458db9-7714-4fe8-af8f-a1de42f59299,c8e5885a-46b3-42bc-bd55-f4a1608bc32d,2026-01-03T10:58:04.702739,camiones,camion_event,VIAJE_FINALIZADO,KLF697,González Moreno,9 de Julio,,2026-01-07T20:22:47.300850
aebcd51a-bb05-4463-86c4-4b63b5bcf4dc,b193c7ef-92cf-4870-84d8-6277e814c94b,2026-01-05T11:45:56.572228,camiones,camion_event,VIAJE_INICIADO,IFR286,Daireaux,Santa Rosa,,2026-01-07T20:22:47.300897
d1e64ec7-bd04-4952-beaa-4640d3aefe4d,b193c7ef-92cf-4870-84d8-6277e814c94b,2026-01-05T12:24:56.572228,camiones,camion_event,CARGA,IFR286,Daireaux,Santa Rosa,29351.0,2026-01-07T20:22:47.300902
ba894dc0-e083-4ade-8ae1-730d45452ce2,b193c7ef-92cf-4870-84d8-6277e814c94b,2026-01-05T14:37:56.572228,camiones,camion_event,DESCARGA,IFR286,Daireaux,Santa Rosa,29351.0,2026-01-07T20:22:47.300906
0764595a-865c-4231-83e0-c2ce5e3e38e9,b193c7ef-92cf-4870-84d8-6277e814c94b,2026-01-05T18:10:56.572228,camiones,camion_event,VIAJE_FINALIZADO,IFR286,Daireaux,Santa Rosa,,2026-01-07T20:22:47.300910
82688d48-afc6-4c3f-bb2e-f8e067810f93,233efd6b-a9f5-4085-9817-e40ff4b43a3e,2026-01-01T02:38:10.272447,camiones,camion_event,VIAJE_INICIADO,AB695WW,González Moreno,Volta,,2026-01-07T20:22:47.300962
0e4917f6-93ad-4631-a603-bca23d99ba80,233efd6b-a9f5-4085-9817-e40ff4b43a3e,2026-01-01T03:43:10.272447,camiones,camion_event,CARGA,AB695WW,González Moreno,Volta,28907.0,2026-01-07T20:22:47.300967
e56b9f0a-e879-4970-a813-ea661916ed49,233efd6b-a9f5-4085-9817-e40ff4b43a3e,2026-01-01T05:53:10.272447,camiones,camion_event,DESCARGA,AB695WW,González Moreno,Volta,28907.0,2026-01-07T20:22:47.300971
ba02c15a-d3a4-4a0b-8520-85e09e9711d5,233efd6b-a9f5-4085-9817-e40ff4b43a3e,2026-01-01T09:57:10.272447,camiones,camion_event,VIAJE_FINALIZADO,AB695WW,González Moreno,Volta,,2026-01-07T20:22:47.300976
7642ca80-39e1-4cad-bf4f-479c18f35557,c8f6dd2b-f514-46ec-a377-305db26d9aea,2026-01-07T03:21:10.416472,camiones,camion_event,VIAJE_INICIADO,LKK091,Santa Rosa,Junín,,2026-01-07T20:22:47.301021
6b4a4fbc-95fa-45d1-beff-f3a23c0fcf97,c8f6dd2b-f514-46ec-a377-305db26d9aea,2026-01-07T04:24:10.416472,camiones,camion_event,CARGA,LKK091,Santa Rosa,Junín,29578.0,2026-01-07T20:22:47.301026
dbfe0d25-8d93-41f7-847b-a96d3e7205c9,c8f6dd2b-f514-46ec-a377-305db26d9aea,2026-01-07T06:54:10.416472,camiones,camion_event,DESCARGA,LKK091,Santa Rosa,Junín,29578.0,2026-01-07T20:22:47.301031
76060c89-2c72-4120-91c2-f90316ca3a28,c8f6dd2b-f514-46ec-a377-305db26d9aea,2026-01-07T08:25:10.416472,camiones,camion_event,VIAJE_FINALIZADO,LKK091,Santa Rosa,Junín,,2026-01-07T20:22:47.301035
f12ce8f8-b5bf-4f9d-b2c4-27ae70afc5a1,175aa3bb-09ea-4dfc-b7be-597f04653643,2026-01-06T13:14:58.323582,camiones,camion_event,VIAJE_INICIADO,OGK361,González Moreno,Santa Rosa,,2026-01-07T20:22:47.301086
10ea4e3e-f28c-4329-a275-a8c58f8a171a,175aa3bb-09ea-4dfc-b7be-597f04653643,2026-01-06T14:01:58.323582,camiones,camion_event,CARGA,OGK361,González Moreno,Santa Rosa,28406.0,2026-01-07T20:22:47.301091
526c3217-84de-4e12-ba15-94fd6897eb23,175aa3bb-09ea-4dfc-b7be-597f04653643,2026-01-06T16:20:58.323582,camiones,camion_event,DESCARGA,OGK361,González Moreno,Santa Rosa,28406.0,2026-01-07T20:22:47.301096
2c56aaa5-9b5d-4740-b71f-5e0817fbf4e6,175aa3bb-09ea-4dfc-b7be-597f04653643,2026-01-06T18:24:58.323582,camiones,camion_event,VIAJE_FINALIZADO,OGK361,González Moreno,Santa Rosa,,2026-01-07T20:22:47.301100
773ad231-f827-40e7-b1bd-671aebd1fb88,57094727-121e-4aac-9208-288989e627f8,2026-01-06T04:27:20.971043,camiones,camion_event,VIAJE_INICIADO,AB179PZ,Junín,Villa Maza,,2026-01-07T20:22:47.301152
939ba0dd-ce96-460b-a326-18ad760cb54d,57094727-121e-4aac-9208-288989e627f8,2026-01-06T05:25:20.971043,camiones,camion_event,CARGA,AB179PZ,Junín,Villa Maza,28596.0,2026-01-07T20:22:47.301157
06ce84b3-6eda-406a-b391-4217302b31e5,57094727-121e-4aac-9208-288989e627f8,2026-01-06T08:27:20.971043,camiones,camion_event,DESCARGA,AB179PZ,Junín,Villa Maza,28596.0,2026-01-07T20:22:47.301161
96b0d79c-145e-4674-8f7c-26e9868112b8,57094727-121e-4aac-9208-288989e627f8,2026-01-06T12:22:20.971043,camiones,camion_event,VIAJE_FINALIZADO,AB179PZ,Junín,Villa Maza,,2026-01-07T20:22:47.301166
8e32e5ae-4b96-4fec-839d-2dc0be3be3cf,4fa5ac2e-46be-47d4-b740-7804a1590e5b,2026-01-03T04:57:41.277880,camiones,camion_event,VIAJE_INICIADO,AF713NY,9 de Julio,Santa Rosa,,2026-01-07T20:22:47.301221
78d73221-1ddd-466d-96e4-d0b78b7e8dbf,4fa5ac2e-46be-47d4-b740-7804a1590e5b,2026-01-03T06:20:41.277880,camiones,camion_event,CARGA,AF713NY,9 de Julio,Santa Rosa,28660.0,2026-01-07T20:22:47.301226
cc14b3ec-d95e-45c9-bc9d-8f417d889a52,4fa5ac2e-46be-47d4-b740-7804a1590e5b,2026-01-03T08:27:41.277880,camiones,camion_event,DESCARGA,AF713NY,9 de Julio,Santa Rosa,28660.0,2026-01-07T20:22:47.301230
57b5c06c-f5d8-42a5-a2f3-5bf1487cd916,4fa5ac2e-46be-47d4-b740-7804a1590e5b,2026-01-03T11:13:41.277880,camiones,camion_event,VIAJE_FINALIZADO,AF713NY,9 de Julio,Santa Rosa,,2026-01-07T20:22:47.301238
c498bf28-ad52-4591-bf9f-6475fd058e6b,811bb2ca-fcd1-4405-95ab-0089fdfefd00,2026-01-05T23:38:13.363032,camiones,camion_event,VIAJE_INICIADO,AH294FC,González Moreno,Catriló,,2026-01-07T20:22:47.301289
f2c14724-16f1-4c11-bf7d-fd4419af1ac9,811bb2ca-fcd1-4405-95ab-0089fdfefd00,2026-01-06T00:23:13.363032,camiones,camion_event,CARGA,AH294FC,González Moreno,Catriló,29238.0,2026-01-07T20:22:47.301294
6befed40-0d6f-4f40-a2d7-76d8a6f84e01,811bb2ca-fcd1-4405-95ab-0089fdfefd00,2026-01-06T03:11:13.363032,camiones,camion_event,DESCARGA,AH294FC,González Moreno,Catriló,29238.0,2026-01-07T20:22:47.301298
5ec5801c-b4dc-4f7f-832c-d3db33ff57e3,811bb2ca-fcd1-4405-95ab-0089fdfefd00,2026-01-06T08:35:13.363032,camiones,camion_event,VIAJE_FINALIZADO,AH294FC,González Moreno,Catriló,,2026-01-07T20:22:47.301302
47fe4879-36ff-433e-84d2-0f74c78de270,547e7d1f-5d14-48cf-bf26-3714086f173e,2026-01-02T16:03:04.061684,camiones,camion_event,VIAJE_INICIADO,AB467YL,9 de Julio,Pehuajó,,2026-01-07T20:22:47.301352
7437e3cf-0630-4821-abe3-641fa5b3a499,547e7d1f-5d14-48cf-bf26-3714086f173e,2026-01-02T17:30:04.061684,camiones,camion_event,CARGA,AB467YL,9 de Julio,Pehuajó,28279.0,2026-01-07T20:22:47.301357
89dd02fb-9879-4ff9-ba0e-e0f6dd4972d7,547e7d1f-5d14-48cf-bf26-3714086f173e,2026-01-02T19:51:04.061684,camiones,camion_event,DESCARGA,AB467YL,9 de Julio,Pehuajó,28279.0,2026-01-07T20:22:47.301361
5ce266ca-ef3a-48b4-aa9d-ac4d1d2c6953,547e7d1f-5d14-48cf-bf26-3714086f173e,2026-01-03T00:58:04.061684,camiones,camion_event,VIAJE_FINALIZADO,AB467YL,9 de Julio,Pehuajó,,2026-01-07T20:22:47.301366
8db044fb-9e1b-4b4e-a3d5-a5742b388e0f,a0c96037-6225-4728-b2fe-5c95b9bd9bd3,2026-01-01T15:26:16.764231,camiones,camion_event,VIAJE_INICIADO,CDW714,Junín,Daireaux,,2026-01-07T20:22:47.301411
d33bccc4-8988-459e-8f8b-63d9bf016fbc,a0c96037-6225-4728-b2fe-5c95b9bd9bd3,2026-01-01T16:24:16.764231,camiones,camion_event,CARGA,CDW714,Junín,Daireaux,29181.0,2026-01-07T20:22:47.301416
56716f0e-9def-4019-8c6e-ea1986ab0ddd,a0c96037-6225-4728-b2fe-5c95b9bd9bd3,2026-01-01T18:14:16.764231,camiones,camion_event,DESCARGA,CDW714,Junín,Daireaux,29181.0,2026-01-07T20:22:47.301421
8c29de9a-f092-4b50-8edf-e0e4658fa423,a0c96037-6225-4728-b2fe-5c95b9bd9bd3,2026-01-01T21:48:16.764231,camiones,camion_event,VIAJE_FINALIZADO,CDW714,Junín,Daireaux,,2026-01-07T20:22:47.301429
18e00b03-2679-4a13-993e-743537fd618d,07570a0f-9eb5-420b-9174-0b6aa6d325f0,2026-01-07T14:24:11.741594,camiones,camion_event,VIAJE_INICIADO,NQW256,González Moreno,Pergamino,,2026-01-07T20:22:47.301476
8906ab72-1206-4dee-a2aa-de3cd308ffad,07570a0f-9eb5-420b-9174-0b6aa6d325f0,2026-01-07T15:10:11.741594,camiones,camion_event,CARGA,NQW256,González Moreno,Pergamino,29169.0,2026-01-07T20:22:47.301481
aba240a5-d6de-49d6-ad66-e1d5ae86043e,07570a0f-9eb5-420b-9174-0b6aa6d325f0,2026-01-07T17:43:11.741594,camiones,camion_event,DESCARGA,NQW256,González Moreno,Pergamino,29169.0,2026-01-07T20:22:47.301485
1618deb8-9c2a-4dc1-b2c4-29d41b235501,07570a0f-9eb5-420b-9174-0b6aa6d325f0,2026-01-07T23:59:11.741594,camiones,camion_event,VIAJE_FINALIZADO,NQW256,González Moreno,Pergamino,,2026-01-07T20:22:47.301489
545187c2-8aac-4302-beca-b3931ecc5190,8961297d-590b-4f04-b08c-255e17017acf,2026-01-01T03:35:53.353240,camiones,camion_event,VIAJE_INICIADO,AK987HO,9 de Julio,Bahía Blanca,,2026-01-07T20:22:47.301541
cf3eb40c-8bf9-4a27-9a96-082bd6ab5f2b,8961297d-590b-4f04-b08c-255e17017acf,2026-01-01T04:16:53.353240,camiones,camion_event,CARGA,AK987HO,9 de Julio,Bahía Blanca,28809.0,2026-01-07T20:22:47.301545
24a43fc1-c8fb-4cea-a52e-68e73880573d,8961297d-590b-4f04-b08c-255e17017acf,2026-01-01T06:21:53.353240,camiones,camion_event,DESCARGA,AK987HO,9 de Julio,Bahía Blanca,28809.0,2026-01-07T20:22:47.301550
5c317d51-69bf-47da-bc59-0d6a18e8e03a,8961297d-590b-4f04-b08c-255e17017acf,2026-01-01T09:17:53.353240,camiones,camion_event,VIAJE_FINALIZADO,AK987HO,9 de Julio,Bahía Blanca,,2026-01-07T20:22:47.301554
18953dd3-5c2e-44a3-925e-fa0eb98e7f28,c4d814b9-13f0-4b65-a43e-88f181be4c49,2026-01-03T01:40:32.015116,camiones,camion_event,VIAJE_INICIADO,AB603RO,Volta,Junín,,2026-01-07T20:22:47.301630
371f99b7-581a-4d6f-8fac-b8d6c2835b35,c4d814b9-13f0-4b65-a43e-88f181be4c49,2026-01-03T03:00:32.015116,camiones,camion_event,CARGA,AB603RO,Volta,Junín,29388.0,2026-01-07T20:22:47.301635
68f9baf5-968d-495b-bfb7-e33def15f32a,c4d814b9-13f0-4b65-a43e-88f181be4c49,2026-01-03T05:04:32.015116,camiones,camion_event,DESCARGA,AB603RO,Volta,Junín,29388.0,2026-01-07T20:22:47.301640
a49d8de0-1eea-47e8-9b9c-7aeed5b663f1,c4d814b9-13f0-4b65-a43e-88f181be4c49,2026-01-03T11:19:32.015116,camiones,camion_event,VIAJE_FINALIZADO,AB603RO,Volta,Junín,,2026-01-07T20:22:47.301644
8c9d7bdf-0658-46e1-acd6-7e1fb2039989,a4b600a6-cdd3-454c-82f7-5ed20b9dd9da,2026-01-03T22:38:22.165298,camiones,camion_event,VIAJE_INICIADO,AL407VU,Trenque Lauquen,Volta,,2026-01-07T20:22:47.301702
a8035622-35c7-408a-b033-7308afaed341,a4b600a6-cdd3-454c-82f7-5ed20b9dd9da,2026-01-03T23:09:22.165298,camiones,camion_event,CARGA,AL407VU,Trenque Lauquen,Volta,29758.0,2026-01-07T20:22:47.301707
00f25315-d263-4eff-8c08-3d9aba50a456,a4b600a6-cdd3-454c-82f7-5ed20b9dd9da,2026-01-04T02:28:22.165298,camiones,camion_event,DESCARGA,AL407VU,Trenque Lauquen,Volta,29758.0,2026-01-07T20:22:47.301712
68176704-1db9-49f7-a590-dd8d98898da8,a4b600a6-cdd3-454c-82f7-5ed20b9dd9da,2026-01-04T07:33:22.165298,camiones,camion_event,VIAJE_FINALIZADO,AL407VU,Trenque Lauquen,Volta,,2026-01-07T20:22:47.301716
66ba8b88-6d44-4a46-bb02-e31f548bba91,d5927534-1c98-4407-ba77-50f97317457c,2026-01-06T04:22:49.633727,camiones,camion_event,VIAJE_INICIADO,AH115BB,Volta,9 de Julio,,2026-01-07T20:22:47.301770
9e533da2-8828-4e78-ad4e-28d1d150c368,d5927534-1c98-4407-ba77-50f97317457c,2026-01-06T05:33:49.633727,camiones,camion_event,CARGA,AH115BB,Volta,9 de Julio,28993.0,2026-01-07T20:22:47.301775
98f63bfb-d54d-4a1c-abca-121090d268ff,d5927534-1c98-4407-ba77-50f97317457c,2026-01-06T06:55:49.633727,camiones,camion_event,DESCARGA,AH115BB,Volta,9 de Julio,28993.0,2026-01-07T20:22:47.301779
cfaa47db-1f98-46ee-ba3a-8bc91e0c19c1,d5927534-1c98-4407-ba77-50f97317457c,2026-01-06T11:26:49.633727,camiones,camion_event,VIAJE_FINALIZADO,AH115BB,Volta,9 de Julio,,2026-01-07T20:22:47.301783
8837d943-2688-44e4-bd7f-d498cd5ede38,e5ec5404-b9e0-4e8f-a3a5-ed6375d6c9c3,2026-01-02T08:43:41.425395,camiones,camion_event,VIAJE_INICIADO,KAD741,Villa Maza,Daireaux,,2026-01-07T20:22:47.301831
37cc3fba-edf2-4c96-a29c-cc58770a2ece,e5ec5404-b9e0-4e8f-a3a5-ed6375d6c9c3,2026-01-02T09:47:41.425395,camiones,camion_event,CARGA,KAD741,Villa Maza,Daireaux,29990.0,2026-01-07T20:22:47.301841
1435606f-be87-4d7b-a396-55728a42a4ee,e5ec5404-b9e0-4e8f-a3a5-ed6375d6c9c3,2026-01-02T11:47:41.425395,camiones,camion_event,DESCARGA,KAD741,Villa Maza,Daireaux,29990.0,2026-01-07T20:22:47.301850
22a301b2-6637-45db-952d-79b5e9f391a9,e5ec5404-b9e0-4e8f-a3a5-ed6375d6c9c3,2026-01-02T18:04:41.425395,camiones,camion_event,VIAJE_FINALIZADO,KAD741,Villa Maza,Daireaux,,2026-01-07T20:22:47.301854
45f2c804-4f86-47c8-b990-a4cefa725238,0a75b282-bd48-4640-9bfe-5c1965c3779f,2026-01-03T12:58:39.424368,camiones,camion_event,VIAJE_INICIADO,MPE569,Villa Maza,Trenque Lauquen,,2026-01-07T20:22:47.301904
6c2e46a8-39e1-4f1e-ada2-864c64904d6d,0a75b282-bd48-4640-9bfe-5c1965c3779f,2026-01-03T14:06:39.424368,camiones,camion_event,CARGA,MPE569,Villa Maza,Trenque Lauquen,29431.0,2026-01-07T20:22:47.301909
04f7a8ec-8933-41d8-a950-64d13e252720,0a75b282-bd48-4640-9bfe-5c1965c3779f,2026-01-03T15:49:39.424368,camiones,camion_event,DESCARGA,MPE569,Villa Maza,Trenque Lauquen,29431.0,2026-01-07T20:22:47.301913
898ac795-e262-46bf-b14b-4dfff2af1222,0a75b282-bd48-4640-9bfe-5c1965c3779f,2026-01-03T19:15:39.424368,camiones,camion_event,VIAJE_FINALIZADO,MPE569,Villa Maza,Trenque Lauquen,,2026-01-07T20:22:47.301921
e0c0491f-0486-45d5-9173-71cb43ec6703,10c837ef-9347-4ed1-9c9c-3e2b16ef2580,2026-01-02T08:08:38.001862,camiones,camion_event,VIAJE_INICIADO,GHT009,González Moreno,Daireaux,,2026-01-07T20:22:47.301971
b12ed9dd-750f-443e-9a05-1102eba1e4bc,10c837ef-9347-4ed1-9c9c-3e2b16ef2580,2026-01-02T09:20:38.001862,camiones,camion_event,CARGA,GHT009,González Moreno,Daireaux,29514.0,2026-01-07T20:22:47.301976
ef42ef05-aac7-4a58-a4d1-b426276f923f,10c837ef-9347-4ed1-9c9c-3e2b16ef2580,2026-01-02T10:15:38.001862,camiones,camion_event,DESCARGA,GHT009,González Moreno,Daireaux,29514.0,2026-01-07T20:22:47.301980
4222d84d-f5cb-4a7a-bcd4-b3b2c5b6edd0,10c837ef-9347-4ed1-9c9c-3e2b16ef2580,2026-01-02T15:12:38.001862,camiones,camion_event,VIAJE_FINALIZADO,GHT009,González Moreno,Daireaux,,2026-01-07T20:22:47.301985
d2c9f8a3-f0b5-4850-b86a-6f386c1850a5,2b6c788b-68e6-4191-ab3a-16ded8dcd118,2026-01-06T04:46:21.017349,camiones,camion_event,VIAJE_INICIADO,RZT713,Pergamino,Bahía Blanca,,2026-01-07T20:22:47.302033
4348f3e9-fb88-4614-b7b3-b58817bf8595,2b6c788b-68e6-4191-ab3a-16ded8dcd118,2026-01-06T05:26:21.017349,camiones,camion_event,CARGA,RZT713,Pergamino,Bahía Blanca,29191.0,2026-01-07T20:22:47.302038
87388cf5-3685-46a2-8685-54af3ce85681,2b6c788b-68e6-4191-ab3a-16ded8dcd118,2026-01-06T07:34:21.017349,camiones,camion_event,DESCARGA,RZT713,Pergamino,Bahía Blanca,29191.0,2026-01-07T20:22:47.302043
56d45055-4c77-4ac7-85ce-d567fb4352cd,2b6c788b-68e6-4191-ab3a-16ded8dcd118,2026-01-06T10:59:21.017349,camiones,camion_event,VIAJE_FINALIZADO,RZT713,Pergamino,Bahía Blanca,,2026-01-07T20:22:47.302047
782f24fb-666a-4782-a958-1da24b9c8f30,fa515e95-2c44-4b71-9160-e8159e51d468,2026-01-05T08:52:50.531475,camiones,camion_event,VIAJE_INICIADO,JXZ736,Pehuajó,Junín,,2026-01-07T20:22:47.302095
9f599928-e541-4534-a7bc-92d8f9c5495d,fa515e95-2c44-4b71-9160-e8159e51d468,2026-01-05T09:39:50.531475,camiones,camion_event,CARGA,JXZ736,Pehuajó,Junín,29176.0,2026-01-07T20:22:47.302100
0185e7fc-c581-4033-b593-81185f636cd4,fa515e95-2c44-4b71-9160-e8159e51d468,2026-01-05T12:15:50.531475,camiones,camion_event,DESCARGA,JXZ736,Pehuajó,Junín,29176.0,2026-01-07T20:22:47.302104
4b3de53b-d511-4263-bc6d-e93772edc084,fa515e95-2c44-4b71-9160-e8159e51d468,2026-01-05T14:21:50.531475,camiones,camion_event,VIAJE_FINALIZADO,JXZ736,Pehuajó,Junín,,2026-01-07T20:22:47.302108
abb60ff7-0206-4b6d-b857-0f8eec842c44,b4634aa0-a76a-4802-be71-4112dc24b6ea,2026-01-03T23:17:51.810949,camiones,camion_event,VIAJE_INICIADO,AF805KU,González Moreno,9 de Julio,,2026-01-07T20:22:47.302213
f53a5bf2-d47f-44ef-917f-d5484e697d7e,b4634aa0-a76a-4802-be71-4112dc24b6ea,2026-01-04T00:27:51.810949,camiones,camion_event,CARGA,AF805KU,González Moreno,9 de Julio,29137.0,2026-01-07T20:22:47.302222
43c5b8ae-78ec-4562-851b-6369526dfff2,b4634aa0-a76a-4802-be71-4112dc24b6ea,2026-01-04T01:54:51.810949,camiones,camion_event,DESCARGA,AF805KU,González Moreno,9 de Julio,29137.0,2026-01-07T20:22:47.302229
c8b40d9c-b896-4eae-a7b6-f15a2a7759c3,b4634aa0-a76a-4802-be71-4112dc24b6ea,2026-01-04T06:57:51.810949,camiones,camion_event,VIAJE_FINALIZADO,AF805KU,González Moreno,9 de Julio,,2026-01-07T20:22:47.302236
2169e99a-501e-43a4-aa0f-4872cffef554,6ed8f5a1-c71c-4c26-9dc8-ed20314cf246,2026-01-06T13:29:53.705809,camiones,camion_event,VIAJE_INICIADO,ABT472,Uriburu,Pergamino,,2026-01-07T20:22:47.302336
199e6235-53ab-462e-a778-5763d40e4da8,6ed8f5a1-c71c-4c26-9dc8-ed20314cf246,2026-01-06T14:23:53.705809,camiones,camion_event,CARGA,ABT472,Uriburu,Pergamino,29319.0,2026-01-07T20:22:47.302347
b74d2251-63c2-4163-a885-9096fa547376,6ed8f5a1-c71c-4c26-9dc8-ed20314cf246,2026-01-06T15:41:53.705809,camiones,camion_event,DESCARGA,ABT472,Uriburu,Pergamino,29319.0,2026-01-07T20:22:47.302352
f1ea321b-7f5d-4c8b-91f6-fd83b4e130e6,6ed8f5a1-c71c-4c26-9dc8-ed20314cf246,2026-01-06T19:20:53.705809,camiones,camion_event,VIAJE_FINALIZADO,ABT472,Uriburu,Pergamino,,2026-01-07T20:22:47.302356
a389b72d-d330-48ca-a633-894911f0a2d8,041af85b-04e4-4d37-874d-d6989c1087a4,2026-01-03T12:22:17.470559,camiones,camion_event,VIAJE_INICIADO,VGC144,Junín,Pergamino,,2026-01-07T20:22:47.302416
0fd2a91d-51fc-4821-9c43-8bf8d463b0c9,041af85b-04e4-4d37-874d-d6989c1087a4,2026-01-03T12:56:17.470559,camiones,camion_event,CARGA,VGC144,Junín,Pergamino,29391.0,2026-01-07T20:22:47.302421
82b483e2-95cb-422c-9c18-3508f67e9bd6,041af85b-04e4-4d37-874d-d6989c1087a4,2026-01-03T14:31:17.470559,camiones,camion_event,DESCARGA,VGC144,Junín,Pergamino,29391.0,2026-01-07T20:22:47.302426
674130b0-6e3f-4816-80fb-5ea5d428779c,041af85b-04e4-4d37-874d-d6989c1087a4,2026-01-03T19:37:17.470559,camiones,camion_event,VIAJE_FINALIZADO,VGC144,Junín,Pergamino,,2026-01-07T20:22:47.302430
78a4d32b-c316-450f-9088-fbc041254115,85943c5d-54c9-41c2-a177-c04e21345b61,2026-01-03T20:03:18.090158,camiones,camion_event,VIAJE_INICIADO,AE584UV,Volta,Junín,,2026-01-07T20:22:47.302486
d270d609-bf1d-4375-b21f-465edc4ceb81,85943c5d-54c9-41c2-a177-c04e21345b61,2026-01-03T21:04:18.090158,camiones,camion_event,CARGA,AE584UV,Volta,Junín,29782.0,2026-01-07T20:22:47.302491
3f30c09a-af30-4b97-9d85-0f3453a56bbe,85943c5d-54c9-41c2-a177-c04e21345b61,2026-01-03T23:33:18.090158,camiones,camion_event,DESCARGA,AE584UV,Volta,Junín,29782.0,2026-01-07T20:22:47.302495
cde26533-5428-4342-a706-dd7859d795dc,85943c5d-54c9-41c2-a177-c04e21345b61,2026-01-04T03:24:18.090158,camiones,camion_event,VIAJE_FINALIZADO,AE584UV,Volta,Junín,,2026-01-07T20:22:47.302503
6aab48a2-e03d-4ba9-ad4c-a95a2ce2c9a2,ed8bd1c9-9c6d-4af1-bf04-d74a3f995a6d,2026-01-04T15:49:02.408551,camiones,camion_event,VIAJE_INICIADO,DUP034,Villa Maza,Pehuajó,,2026-01-07T20:22:47.302554
b979bfe4-a44d-413f-8e4e-51b4ba1d20fe,ed8bd1c9-9c6d-4af1-bf04-d74a3f995a6d,2026-01-04T17:12:02.408551,camiones,camion_event,CARGA,DUP034,Villa Maza,Pehuajó,28771.0,2026-01-07T20:22:47.302559
96dca708-8bea-4a1a-b952-0ca655ead803,ed8bd1c9-9c6d-4af1-bf04-d74a3f995a6d,2026-01-04T18:45:02.408551,camiones,camion_event,DESCARGA,DUP034,Villa Maza,Pehuajó,28771.0,2026-01-07T20:22:47.302563
ea3446c5-6600-4b0e-a310-521a548a5320,ed8bd1c9-9c6d-4af1-bf04-d74a3f995a6d,2026-01-04T22:36:02.408551,camiones,camion_event,VIAJE_FINALIZADO,DUP034,Villa Maza,Pehuajó,,2026-01-07T20:22:47.302568
59cf2d1f-23cf-48e9-b87d-89b55dad5ee8,ff5f9f54-ece2-45e3-b6d3-736e7071b4b7,2026-01-04T13:43:19.669844,camiones,camion_event,VIAJE_INICIADO,MDX824,Daireaux,Volta,,2026-01-07T20:22:47.302638
8787ad27-1d9a-48c2-b26f-0e9fe4b3b324,ff5f9f54-ece2-45e3-b6d3-736e7071b4b7,2026-01-04T14:39:19.669844,camiones,camion_event,CARGA,MDX824,Daireaux,Volta,29519.0,2026-01-07T20:22:47.302644
e7500f47-d5ca-4bed-9bab-eaa176b12998,ff5f9f54-ece2-45e3-b6d3-736e7071b4b7,2026-01-04T16:52:19.669844,camiones,camion_event,DESCARGA,MDX824,Daireaux,Volta,29519.0,2026-01-07T20:22:47.302648
a1f79cf4-7922-4217-9911-ea2638bc9f70,ff5f9f54-ece2-45e3-b6d3-736e7071b4b7,2026-01-04T21:37:19.669844,camiones,camion_event,VIAJE_FINALIZADO,MDX824,Daireaux,Volta,,2026-01-07T20:22:47.302653
5aae8113-580e-4109-8c66-3c96ec20914f,0c0d4ddc-4ada-4eb2-af24-646deefd4d66,2026-01-02T11:10:16.804593,camiones,camion_event,VIAJE_INICIADO,AA729RI,González Moreno,Catriló,,2026-01-07T20:22:47.302717
21f01e3d-19d2-4cd2-9342-6c35ec3550c0,0c0d4ddc-4ada-4eb2-af24-646deefd4d66,2026-01-02T12:39:16.804593,camiones,camion_event,CARGA,AA729RI,González Moreno,Catriló,29763.0,2026-01-07T20:22:47.302722
4c534130-3971-4c95-bb0a-fd1541a3b3b3,0c0d4ddc-4ada-4eb2-af24-646deefd4d66,2026-01-02T14:46:16.804593,camiones,camion_event,DESCARGA,AA729RI,González Moreno,Catriló,29763.0,2026-01-07T20:22:47.302726
e01d7b23-a817-4b9f-a49a-ae56691fef85,0c0d4ddc-4ada-4eb2-af24-646deefd4d66,2026-01-02T17:00:16.804593,camiones,camion_event,VIAJE_FINALIZADO,AA729RI,González Moreno,Catriló,,2026-01-07T20:22:47.302731
4013fafa-a49a-4874-8013-33a34fc07b96,2460f45b-e8f3-47ff-ada1-edd3bb3273b4,2026-01-05T10:42:27.040049,camiones,camion_event,VIAJE_INICIADO,MPR311,Pehuajó,9 de Julio,,2026-01-07T20:22:47.302780
35107d20-840a-4102-b341-1c00bee35481,2460f45b-e8f3-47ff-ada1-edd3bb3273b4,2026-01-05T12:05:27.040049,camiones,camion_event,CARGA,MPR311,Pehuajó,9 de Julio,29816.0,2026-01-07T20:22:47.302789
5b14bd25-d901-4265-a9ec-236bb691c952,2460f45b-e8f3-47ff-ada1-edd3bb3273b4,2026-01-05T13:42:27.040049,camiones,camion_event,DESCARGA,MPR311,Pehuajó,9 de Julio,29816.0,2026-01-07T20:22:47.302794
c87b85cc-f849-4d4d-97e0-918c357bd119,2460f45b-e8f3-47ff-ada1-edd3bb3273b4,2026-01-05T19:40:27.040049,camiones,camion_event,VIAJE_FINALIZADO,MPR311,Pehuajó,9 de Julio,,2026-01-07T20:22:47.302798
a1025312-a72d-4e30-94e3-bdaafbc0623f,dea69a5d-62b8-41b3-86de-ade15e6c263d,2026-01-04T08:11:31.754732,camiones,camion_event,VIAJE_INICIADO,AH189DC,Santa Rosa,Pergamino,,2026-01-07T20:22:47.302853
e2d345af-061c-4af6-8a35-c70de3a9a2af,dea69a5d-62b8-41b3-86de-ade15e6c263d,2026-01-04T09:03:31.754732,camiones,camion_event,CARGA,AH189DC,Santa Rosa,Pergamino,29103.0,2026-01-07T20:22:47.302858
a1f1f709-2cb8-4d6e-8b9b-533e52ae2b49,dea69a5d-62b8-41b3-86de-ade15e6c263d,2026-01-04T10:35:31.754732,camiones,camion_event,DESCARGA,AH189DC,Santa Rosa,Pergamino,29103.0,2026-01-07T20:22:47.302863
41bc8045-bb29-4916-bfe8-1929080b4878,dea69a5d-62b8-41b3-86de-ade15e6c263d,2026-01-04T16:35:31.754732,camiones,camion_event,VIAJE_FINALIZADO,AH189DC,Santa Rosa,Pergamino,,2026-01-07T20:22:47.302867
65ac63fa-8d53-45f8-a6a9-6a10c4e7de83,f52a3005-b840-410f-a2f5-4417db1b2faa,2026-01-01T20:04:29.126966,camiones,camion_event,VIAJE_INICIADO,FSD188,Uriburu,Bahía Blanca,,2026-01-07T20:22:47.302915
d748f478-801b-4f1a-9183-ea8d7d192860,f52a3005-b840-410f-a2f5-4417db1b2faa,2026-01-01T20:53:29.126966,camiones,camion_event,CARGA,FSD188,Uriburu,Bahía Blanca,28916.0,2026-01-07T20:22:47.302920
445e4159-8056-45cc-917a-c2dbe3604e7b,f52a3005-b840-410f-a2f5-4417db1b2faa,2026-01-01T23:43:29.126966,camiones,camion_event,DESCARGA,FSD188,Uriburu,Bahía Blanca,28916.0,2026-01-07T20:22:47.302924
522dabb0-44e4-43b7-87fa-b4aadd6cfe1a,f52a3005-b840-410f-a2f5-4417db1b2faa,2026-01-02T01:20:29.126966,camiones,camion_event,VIAJE_FINALIZADO,FSD188,Uriburu,Bahía Blanca,,2026-01-07T20:22:47.302928
c2dab10a-e129-49aa-abe5-6d865762575c,ec27fba9-6c6c-4465-af36-aaf2a4045ba1,2026-01-05T11:50:48.834948,camiones,camion_event,VIAJE_INICIADO,HXH801,Daireaux,Villa Maza,,2026-01-07T20:22:47.302975
6b5e7d26-4f62-45c5-bb36-ac2c40521672,ec27fba9-6c6c-4465-af36-aaf2a4045ba1,2026-01-05T12:34:48.834948,camiones,camion_event,CARGA,HXH801,Daireaux,Villa Maza,28479.0,2026-01-07T20:22:47.302980
130f0e04-8f32-4d4a-b6a0-c8fe96e1a307,ec27fba9-6c6c-4465-af36-aaf2a4045ba1,2026-01-05T15:31:48.834948,camiones,camion_event,DESCARGA,HXH801,Daireaux,Villa Maza,28479.0,2026-01-07T20:22:47.302984
565d21b9-cb6c-477b-a5fc-7fd8f08bc258,ec27fba9-6c6c-4465-af36-aaf2a4045ba1,2026-01-05T17:00:48.834948,camiones,camion_event,VIAJE_FINALIZADO,HXH801,Daireaux,Villa Maza,,2026-01-07T20:22:47.302988
3f14e679-2d9e-4a01-b910-439d9520e603,45373f31-1098-45bc-be64-40ac4dae7e08,2026-01-06T13:54:05.040645,camiones,camion_event,VIAJE_INICIADO,AB928BG,9 de Julio,Daireaux,,2026-01-07T20:22:47.303039
9f382f19-e8b0-4d50-930a-ee46f663e2eb,45373f31-1098-45bc-be64-40ac4dae7e08,2026-01-06T15:24:05.040645,camiones,camion_event,CARGA,AB928BG,9 de Julio,Daireaux,28709.0,2026-01-07T20:22:47.303044
c74c3df8-d7f5-406b-8c9e-8f1becd3acdd,45373f31-1098-45bc-be64-40ac4dae7e08,2026-01-06T17:37:05.040645,camiones,camion_event,DESCARGA,AB928BG,9 de Julio,Daireaux,28709.0,2026-01-07T20:22:47.303049
90f3d6c8-4122-4ac7-aacc-f805185b4d1a,45373f31-1098-45bc-be64-40ac4dae7e08,2026-01-06T21:27:05.040645,camiones,camion_event,VIAJE_FINALIZADO,AB928BG,9 de Julio,Daireaux,,2026-01-07T20:22:47.303053
4de90a98-e56b-465c-80f4-bb2132868127,e2d3df20-afdc-4e28-aa97-0126a813c874,2026-01-02T17:24:16.579184,camiones,camion_event,VIAJE_INICIADO,AC514ZY,9 de Julio,González Moreno,,2026-01-07T20:22:47.303109
3b8f7884-6f4b-4c1b-8685-29aa8b095a99,e2d3df20-afdc-4e28-aa97-0126a813c874,2026-01-02T18:16:16.579184,camiones,camion_event,CARGA,AC514ZY,9 de Julio,González Moreno,29590.0,2026-01-07T20:22:47.303114
32b994bc-9d81-4bf9-a20f-57acfc88a1b4,e2d3df20-afdc-4e28-aa97-0126a813c874,2026-01-02T20:01:16.579184,camiones,camion_event,DESCARGA,AC514ZY,9 de Julio,González Moreno,29590.0,2026-01-07T20:22:47.303118
f1145667-837f-4d7b-8ab9-09d2a083d126,e2d3df20-afdc-4e28-aa97-0126a813c874,2026-01-03T02:28:16.579184,camiones,camion_event,VIAJE_FINALIZADO,AC514ZY,9 de Julio,González Moreno,,2026-01-07T20:22:47.303126
983ab379-ac16-49c0-9b2d-243063468195,f22751fc-c4c4-4e97-8fec-c70389885b1c,2026-01-05T10:36:33.951717,camiones,camion_event,VIAJE_INICIADO,AE667ZR,Trenque Lauquen,Santa Rosa,,2026-01-07T20:22:47.303179
4d4b8b4b-55d6-4adc-b17d-76a1ac37e4bc,f22751fc-c4c4-4e97-8fec-c70389885b1c,2026-01-05T11:12:33.951717,camiones,camion_event,CARGA,AE667ZR,Trenque Lauquen,Santa Rosa,29697.0,2026-01-07T20:22:47.303184
421493d8-35b0-4b0b-a57b-e7897c798973,f22751fc-c4c4-4e97-8fec-c70389885b1c,2026-01-05T14:15:33.951717,camiones,camion_event,DESCARGA,AE667ZR,Trenque Lauquen,Santa Rosa,29697.0,2026-01-07T20:22:47.303188
af3ca2a8-1dc8-460a-8827-94be4f8b8b39,f22751fc-c4c4-4e97-8fec-c70389885b1c,2026-01-05T20:35:33.951717,camiones,camion_event,VIAJE_FINALIZADO,AE667ZR,Trenque Lauquen,Santa Rosa,,2026-01-07T20:22:47.303192
0728e712-1798-42b4-aee6-e2671eaf519d,451db848-2e1a-4021-9799-4737f0885740,2026-01-07T16:00:01.194482,camiones,camion_event,VIAJE_INICIADO,WWZ891,Pehuajó,González Moreno,,2026-01-07T20:22:47.303240
f9287e26-3cab-44ee-b254-1ba20f0879ed,451db848-2e1a-4021-9799-4737f0885740,2026-01-07T16:53:01.194482,camiones,camion_event,CARGA,WWZ891,Pehuajó,González Moreno,29188.0,2026-01-07T20:22:47.303245
7b46f827-0f29-4ab7-b82b-05e4d7b230c0,451db848-2e1a-4021-9799-4737f0885740,2026-01-07T18:35:01.194482,camiones,camion_event,DESCARGA,WWZ891,Pehuajó,González Moreno,29188.0,2026-01-07T20:22:47.303249
71add71d-7c4d-4689-a457-27abdb92ea1a,451db848-2e1a-4021-9799-4737f0885740,2026-01-08T00:48:01.194482,camiones,camion_event,VIAJE_FINALIZADO,WWZ891,Pehuajó,González Moreno,,2026-01-07T20:22:47.303254
99930844-09d5-419c-b82a-8d5c1acb2ebc,040fa254-a30b-4d84-a0aa-0a44bb85beea,2026-01-02T20:43:40.249808,camiones,camion_event,VIAJE_INICIADO,AF754AO,Daireaux,Pergamino,,2026-01-07T20:22:47.303310
7081d3a8-0241-4797-aff4-bbb4b3be1eb4,040fa254-a30b-4d84-a0aa-0a44bb85beea,2026-01-02T21:35:40.249808,camiones,camion_event,CARGA,AF754AO,Daireaux,Pergamino,28098.0,2026-01-07T20:22:47.303315
c10c5940-1304-4bdd-90eb-a905509e5bba,040fa254-a30b-4d84-a0aa-0a44bb85beea,2026-01-03T00:12:40.249808,camiones,camion_event,DESCARGA,AF754AO,Daireaux,Pergamino,28098.0,2026-01-07T20:22:47.303320
ae48abd7-08f5-4200-b907-402432241c6f,040fa254-a30b-4d84-a0aa-0a44bb85beea,2026-01-03T05:59:40.249808,camiones,camion_event,VIAJE_FINALIZADO,AF754AO,Daireaux,Pergamino,,2026-01-07T20:22:47.303324
9e332967-8649-493b-b27c-95ecb696d9c2,5b10068d-8467-4fe1-aed9-3eaabe82be47,2026-01-03T07:58:39.674018,camiones,camion_event,VIAJE_INICIADO,AE713PQ,Uriburu,Villa Maza,,2026-01-07T20:22:47.303383
6cda7fb7-e527-4da7-a21d-47fdca4591b0,5b10068d-8467-4fe1-aed9-3eaabe82be47,2026-01-03T08:43:39.674018,camiones,camion_event,CARGA,AE713PQ,Uriburu,Villa Maza,28737.0,2026-01-07T20:22:47.303389
6ad4c736-fc44-449e-8a46-e221ede96b55,5b10068d-8467-4fe1-aed9-3eaabe82be47,2026-01-03T11:29:39.674018,camiones,camion_event,DESCARGA,AE713PQ,Uriburu,Villa Maza,28737.0,2026-01-07T20:22:47.303393
af1bb46e-4455-4095-ba39-e5d1f9d0de22,5b10068d-8467-4fe1-aed9-3eaabe82be47,2026-01-03T17:12:39.674018,camiones,camion_event,VIAJE_FINALIZADO,AE713PQ,Uriburu,Villa Maza,,2026-01-07T20:22:47.303397
97a99c5b-89c6-4980-8ded-350b8d51ef46,3db83ce2-ff6c-4639-be77-10288f4cbec9,2026-01-06T14:02:12.611006,camiones,camion_event,VIAJE_INICIADO,FOQ225,González Moreno,Bahía Blanca,,2026-01-07T20:22:47.303447
61d4ae3d-c56a-485a-8c72-62046228a380,3db83ce2-ff6c-4639-be77-10288f4cbec9,2026-01-06T14:45:12.611006,camiones,camion_event,CARGA,FOQ225,González Moreno,Bahía Blanca,28273.0,2026-01-07T20:22:47.303452
754471c6-c157-41e7-9c6f-eadb535b7ed1,3db83ce2-ff6c-4639-be77-10288f4cbec9,2026-01-06T17:31:12.611006,camiones,camion_event,DESCARGA,FOQ225,González Moreno,Bahía Blanca,28273.0,2026-01-07T20:22:47.303456
e3506843-e4ae-4bc1-b905-058215842584,3db83ce2-ff6c-4639-be77-10288f4cbec9,2026-01-06T19:25:12.611006,camiones,camion_event,VIAJE_FINALIZADO,FOQ225,González Moreno,Bahía Blanca,,2026-01-07T20:22:47.303461
0a923a7b-2be9-4132-8951-6404f6c77dca,0b0ca848-7b37-4f0c-9b85-4c4344603cb4,2026-01-06T12:28:49.420390,camiones,camion_event,VIAJE_INICIADO,PWZ541,Uriburu,Daireaux,,2026-01-07T20:22:47.303507
cb407e92-6cef-471f-b890-1f59458bf547,0b0ca848-7b37-4f0c-9b85-4c4344603cb4,2026-01-06T13:19:49.420390,camiones,camion_event,CARGA,PWZ541,Uriburu,Daireaux,29894.0,2026-01-07T20:22:47.303512
8a76204c-70b8-4307-b8f2-809a0a3fe161,0b0ca848-7b37-4f0c-9b85-4c4344603cb4,2026-01-06T16:27:49.420390,camiones,camion_event,DESCARGA,PWZ541,Uriburu,Daireaux,29894.0,2026-01-07T20:22:47.303524
9005711a-57da-478d-957e-e2ec1ca70dd8,0b0ca848-7b37-4f0c-9b85-4c4344603cb4,2026-01-06T17:44:49.420390,camiones,camion_event,VIAJE_FINALIZADO,PWZ541,Uriburu,Daireaux,,2026-01-07T20:22:47.303529
104277d0-c455-40b0-a6c1-387af7793039,8f6b72a9-bde6-4b70-aa33-c0be66f025f5,2026-01-05T13:47:36.610444,camiones,camion_event,VIAJE_INICIADO,FBD924,Pehuajó,Pergamino,,2026-01-07T20:22:47.303576
8270d6ef-a6c9-407a-82ae-01bae5a48a09,8f6b72a9-bde6-4b70-aa33-c0be66f025f5,2026-01-05T14:46:36.610444,camiones,camion_event,CARGA,FBD924,Pehuajó,Pergamino,28654.0,2026-01-07T20:22:47.303581
30a7f9ec-6db0-4738-89ff-82d27a3096c1,8f6b72a9-bde6-4b70-aa33-c0be66f025f5,2026-01-05T17:25:36.610444,camiones,camion_event,DESCARGA,FBD924,Pehuajó,Pergamino,28654.0,2026-01-07T20:22:47.303585
968dfda5-c2ac-40fe-95dd-60980c44e9f9,8f6b72a9-bde6-4b70-aa33-c0be66f025f5,2026-01-05T20:22:36.610444,camiones,camion_event,VIAJE_FINALIZADO,FBD924,Pehuajó,Pergamino,,2026-01-07T20:22:47.303590
4e8742d3-c08d-43c3-b3a3-5f07aa17c3d3,b6d3244c-76a4-471c-8b4f-90d9ed0295ab,2026-01-01T03:39:37.338292,camiones,camion_event,VIAJE_INICIADO,TID742,9 de Julio,Daireaux,,2026-01-07T20:22:47.303659
2273df1e-c2b4-4870-b971-104fb70e64dd,b6d3244c-76a4-471c-8b4f-90d9ed0295ab,2026-01-01T04:48:37.338292,camiones,camion_event,CARGA,TID742,9 de Julio,Daireaux,29275.0,2026-01-07T20:22:47.303665
d8540acb-19ea-4199-aaf7-1319b7c81e7b,b6d3244c-76a4-471c-8b4f-90d9ed0295ab,2026-01-01T06:31:37.338292,camiones,camion_event,DESCARGA,TID742,9 de Julio,Daireaux,29275.0,2026-01-07T20:22:47.303670
35bcd540-05aa-4950-81a0-6888c0e4cadc,b6d3244c-76a4-471c-8b4f-90d9ed0295ab,2026-01-01T10:02:37.338292,camiones,camion_event,VIAJE_FINALIZADO,TID742,9 de Julio,Daireaux,,2026-01-07T20:22:47.303678
f9d4e534-34a7-4c3e-9b84-3998685131cb,e742cec1-7734-49f3-89de-a38d98141cdb,2026-01-07T07:31:10.319333,camiones,camion_event,VIAJE_INICIADO,LUK856,Junín,Catriló,,2026-01-07T20:22:47.303731
42a7d97b-85e9-47cb-a4e9-c583956991c8,e742cec1-7734-49f3-89de-a38d98141cdb,2026-01-07T08:33:10.319333,camiones,camion_event,CARGA,LUK856,Junín,Catriló,29419.0,2026-01-07T20:22:47.303736
06c6bf46-abd9-4886-8c2c-f56407dae6c6,e742cec1-7734-49f3-89de-a38d98141cdb,2026-01-07T10:55:10.319333,camiones,camion_event,DESCARGA,LUK856,Junín,Catriló,29419.0,2026-01-07T20:22:47.303741
867491bc-b6d7-4de5-a913-d66e2c866f22,e742cec1-7734-49f3-89de-a38d98141cdb,2026-01-07T14:02:10.319333,camiones,camion_event,VIAJE_FINALIZADO,LUK856,Junín,Catriló,,2026-01-07T20:22:47.303745
0aa7a280-c9ad-4bec-8993-0f333316044a,c158bf0a-a557-48f8-a901-b45e356a2118,2026-01-07T14:21:04.313176,camiones,camion_event,VIAJE_INICIADO,GEE275,Volta,Uriburu,,2026-01-07T20:22:47.303794
82bfbb00-5de2-4fef-9415-c44d8408d135,c158bf0a-a557-48f8-a901-b45e356a2118,2026-01-07T14:57:04.313176,camiones,camion_event,CARGA,GEE275,Volta,Uriburu,28645.0,2026-01-07T20:22:47.303799
82964129-575d-47fd-a0eb-3eb6aa2f98f2,c158bf0a-a557-48f8-a901-b45e356a2118,2026-01-07T17:09:04.313176,camiones,camion_event,DESCARGA,GEE275,Volta,Uriburu,28645.0,2026-01-07T20:22:47.303803
fe3e5e89-7335-41a2-96cc-ee56e5a1e1e1,c158bf0a-a557-48f8-a901-b45e356a2118,2026-01-07T20:04:04.313176,camiones,camion_event,VIAJE_FINALIZADO,GEE275,Volta,Uriburu,,2026-01-07T20:22:47.303808
19d7d211-36e7-43a6-9297-96fb707e92c7,1f418559-0782-47f9-9785-a78fa13723ce,2026-01-03T10:41:53.255480,camiones,camion_event,VIAJE_INICIADO,AF427FN,Junín,9 de Julio,,2026-01-07T20:22:47.303866
e3020c07-fc35-45f3-83dc-241e314567c6,1f418559-0782-47f9-9785-a78fa13723ce,2026-01-03T11:49:53.255480,camiones,camion_event,CARGA,AF427FN,Junín,9 de Julio,28418.0,2026-01-07T20:22:47.303871
cc9dbdd4-b480-4286-bf17-63c99150dd97,1f418559-0782-47f9-9785-a78fa13723ce,2026-01-03T13:26:53.255480,camiones,camion_event,DESCARGA,AF427FN,Junín,9 de Julio,28418.0,2026-01-07T20:22:47.303875
af9601d7-d797-46a4-a7ca-1216794fa6ad,1f418559-0782-47f9-9785-a78fa13723ce,2026-01-03T18:32:53.255480,camiones,camion_event,VIAJE_FINALIZADO,AF427FN,Junín,9 de Julio,,2026-01-07T20:22:47.303879
61455eb8-ddbf-4ebe-9b3c-f03cf92f54d1,e29d81b9-4595-4d4e-9dc1-d21aaf47e444,2026-01-02T12:58:59.272776,camiones,camion_event,VIAJE_INICIADO,HGV452,Daireaux,Santa Rosa,,2026-01-07T20:22:47.303930
4f7f67bb-1ac9-4165-b894-fabe8cf31eaa,e29d81b9-4595-4d4e-9dc1-d21aaf47e444,2026-01-02T14:17:59.272776,camiones,camion_event,CARGA,HGV452,Daireaux,Santa Rosa,28563.0,2026-01-07T20:22:47.303935
4ba72f95-9714-4267-9d8a-2c0045ee0da5,e29d81b9-4595-4d4e-9dc1-d21aaf47e444,2026-01-02T16:24:59.272776,camiones,camion_event,DESCARGA,HGV452,Daireaux,Santa Rosa,28563.0,2026-01-07T20:22:47.303939
fabaac5c-aa8a-43c4-928c-46ffdef4fdf8,e29d81b9-4595-4d4e-9dc1-d21aaf47e444,2026-01-02T20:31:59.272776,camiones,camion_event,VIAJE_FINALIZADO,HGV452,Daireaux,Santa Rosa,,2026-01-07T20:22:47.303947
4e0a3f06-c6ea-4e2f-b8d5-607ff4b8115c,184c30df-12a5-4b71-b9d4-45f9f4190691,2026-01-02T10:55:04.484153,camiones,camion_event,VIAJE_INICIADO,AQS123,9 de Julio,Santa Rosa,,2026-01-07T20:22:47.303998
0bdbfaaa-69a1-46e1-904a-ad0a1185054b,184c30df-12a5-4b71-b9d4-45f9f4190691,2026-01-02T12:06:04.484153,camiones,camion_event,CARGA,AQS123,9 de Julio,Santa Rosa,28620.0,2026-01-07T20:22:47.304003
e8d619b4-1849-4812-a718-3fd8fc134482,184c30df-12a5-4b71-b9d4-45f9f4190691,2026-01-02T13:38:04.484153,camiones,camion_event,DESCARGA,AQS123,9 de Julio,Santa Rosa,28620.0,2026-01-07T20:22:47.304007
09b70d4e-5541-4108-9bcf-41cddb7316d6,184c30df-12a5-4b71-b9d4-45f9f4190691,2026-01-02T16:28:04.484153,camiones,camion_event,VIAJE_FINALIZADO,AQS123,9 de Julio,Santa Rosa,,2026-01-07T20:22:47.304011
6efbe010-f9ae-42c1-a15b-716a3a33b669,67e1f6e8-4b44-436c-ab89-c62d355211ba,2026-01-02T23:59:40.465645,camiones,camion_event,VIAJE_INICIADO,AN878ZC,González Moreno,Trenque Lauquen,,2026-01-07T20:22:47.304063
c365e95c-ab82-4540-be24-559175af4d95,67e1f6e8-4b44-436c-ab89-c62d355211ba,2026-01-03T00:43:40.465645,camiones,camion_event,CARGA,AN878ZC,González Moreno,Trenque Lauquen,28717.0,2026-01-07T20:22:47.304068
2579b751-cdf6-4fd8-b669-2ef5ba817453,67e1f6e8-4b44-436c-ab89-c62d355211ba,2026-01-03T02:51:40.465645,camiones,camion_event,DESCARGA,AN878ZC,González Moreno,Trenque Lauquen,28717.0,2026-01-07T20:22:47.304072
573be966-ec62-454f-bbf6-ff3c962bf135,67e1f6e8-4b44-436c-ab89-c62d355211ba,2026-01-03T05:07:40.465645,camiones,camion_event,VIAJE_FINALIZADO,AN878ZC,González Moreno,Trenque Lauquen,,2026-01-07T20:22:47.304076
5620823f-bd1e-494d-a8e6-e021aec5b309,f0f5839d-77b5-4e2f-955c-929954f2f6ca,2026-01-05T17:38:47.073236,camiones,camion_event,VIAJE_INICIADO,AA923BK,Pehuajó,Bahía Blanca,,2026-01-07T20:22:47.304152
3f663c21-981a-4264-9617-1a9c409a1c03,f0f5839d-77b5-4e2f-955c-929954f2f6ca,2026-01-05T18:51:47.073236,camiones,camion_event,CARGA,AA923BK,Pehuajó,Bahía Blanca,29345.0,2026-01-07T20:22:47.304158
59de2c38-6fa5-4d27-8ad9-233cfc77653d,f0f5839d-77b5-4e2f-955c-929954f2f6ca,2026-01-05T21:14:47.073236,camiones,camion_event,DESCARGA,AA923BK,Pehuajó,Bahía Blanca,29345.0,2026-01-07T20:22:47.304163
c791e1eb-0272-4332-9404-91364904b9de,f0f5839d-77b5-4e2f-955c-929954f2f6ca,2026-01-06T01:52:47.073236,camiones,camion_event,VIAJE_FINALIZADO,AA923BK,Pehuajó,Bahía Blanca,,2026-01-07T20:22:47.304167
412aee2b-e17c-46a8-bc93-c5e84a2d70af,b0cece95-eacc-41c0-adac-2d58f922fa25,2026-01-04T09:33:30.651223,camiones,camion_event,VIAJE_INICIADO,AE680BM,Junín,Uriburu,,2026-01-07T20:22:47.304237
71957718-ef6c-4202-ab5b-469523439fa5,b0cece95-eacc-41c0-adac-2d58f922fa25,2026-01-04T11:01:30.651223,camiones,camion_event,CARGA,AE680BM,Junín,Uriburu,29765.0,2026-01-07T20:22:47.304247
6e4344c1-004d-4169-baef-c2fc7ba0c551,b0cece95-eacc-41c0-adac-2d58f922fa25,2026-01-04T13:02:30.651223,camiones,camion_event,DESCARGA,AE680BM,Junín,Uriburu,29765.0,2026-01-07T20:22:47.304251
2eef4706-58da-4a4f-8a20-56045d6cb0b3,b0cece95-eacc-41c0-adac-2d58f922fa25,2026-01-04T18:57:30.651223,camiones,camion_event,VIAJE_FINALIZADO,AE680BM,Junín,Uriburu,,2026-01-07T20:22:47.304255
e2f76a8a-0d3e-4477-997a-d5ab2e7d5f32,5a95560d-2e55-4084-9eca-03871ddb9685,2026-01-02T12:40:31.334709,camiones,camion_event,VIAJE_INICIADO,PFB804,Pehuajó,Villa Maza,,2026-01-07T20:22:47.304307
ad76d8e0-4378-4ba2-9982-83ff2c03176c,5a95560d-2e55-4084-9eca-03871ddb9685,2026-01-02T13:26:31.334709,camiones,camion_event,CARGA,PFB804,Pehuajó,Villa Maza,29569.0,2026-01-07T20:22:47.304316
12f70f90-dcbe-4bcc-872b-1de9f90e3c22,5a95560d-2e55-4084-9eca-03871ddb9685,2026-01-02T16:15:31.334709,camiones,camion_event,DESCARGA,PFB804,Pehuajó,Villa Maza,29569.0,2026-01-07T20:22:47.304321
5031bee1-5d6b-4b5c-877e-43dd3de3401c,5a95560d-2e55-4084-9eca-03871ddb9685,2026-01-02T22:26:31.334709,camiones,camion_event,VIAJE_FINALIZADO,PFB804,Pehuajó,Villa Maza,,2026-01-07T20:22:47.304325
70e1d841-d54a-4327-ade6-1d3370a49806,e6e0e0df-97a2-4677-9c6a-c94701450f87,2026-01-06T10:30:53.232468,camiones,camion_event,VIAJE_INICIADO,AB841SH,González Moreno,Junín,,2026-01-07T20:22:47.304384
162688d7-93b7-4506-8f17-cc3720e4e6b8,e6e0e0df-97a2-4677-9c6a-c94701450f87,2026-01-06T11:23:53.232468,camiones,camion_event,CARGA,AB841SH,González Moreno,Junín,29864.0,2026-01-07T20:22:47.304389
8419f482-9f29-4c65-82f8-83fc70ffd089,e6e0e0df-97a2-4677-9c6a-c94701450f87,2026-01-06T14:14:53.232468,camiones,camion_event,DESCARGA,AB841SH,González Moreno,Junín,29864.0,2026-01-07T20:22:47.304394
e2e18539-45cb-4341-bd92-a68fa0f57fc6,e6e0e0df-97a2-4677-9c6a-c94701450f87,2026-01-06T16:35:53.232468,camiones,camion_event,VIAJE_FINALIZADO,AB841SH,González Moreno,Junín,,2026-01-07T20:22:47.304398
444735f7-0ac7-4ad5-b966-dbef9fe1582a,ec9e0f49-d934-4cde-800e-c0a315f9a2b5,2026-01-05T05:37:54.990179,camiones,camion_event,VIAJE_INICIADO,AM284YK,Uriburu,González Moreno,,2026-01-07T20:22:47.304455
4b5f5152-7ec5-4514-89eb-1f5f4a98c9ca,ec9e0f49-d934-4cde-800e-c0a315f9a2b5,2026-01-05T07:05:54.990179,camiones,camion_event,CARGA,AM284YK,Uriburu,González Moreno,29408.0,2026-01-07T20:22:47.304460
018f8466-6312-4a8e-87e2-49ec7d18879a,ec9e0f49-d934-4cde-800e-c0a315f9a2b5,2026-01-05T09:35:54.990179,camiones,camion_event,DESCARGA,AM284YK,Uriburu,González Moreno,29408.0,2026-01-07T20:22:47.304465
635b9ab5-ddd9-4b86-81df-d10702dc79dc,ec9e0f49-d934-4cde-800e-c0a315f9a2b5,2026-01-05T10:43:54.990179,camiones,camion_event,VIAJE_FINALIZADO,AM284YK,Uriburu,González Moreno,,2026-01-07T20:22:47.304469
f6f05b0a-791b-4a04-ae2d-485975fca43a,84b5d927-bfa4-43d2-833c-1dd672f3553a,2026-01-01T00:06:16.919777,camiones,camion_event,VIAJE_INICIADO,AF716CJ,Daireaux,Trenque Lauquen,,2026-01-07T20:22:47.304521
2775799e-41f3-4945-9afe-3fe4fe15deb6,84b5d927-bfa4-43d2-833c-1dd672f3553a,2026-01-01T01:01:16.919777,camiones,camion_event,CARGA,AF716CJ,Daireaux,Trenque Lauquen,28817.0,2026-01-07T20:22:47.304526
6690fefb-c7b9-4efb-ad59-09414762e616,84b5d927-bfa4-43d2-833c-1dd672f3553a,2026-01-01T03:10:16.919777,camiones,camion_event,DESCARGA,AF716CJ,Daireaux,Trenque Lauquen,28817.0,2026-01-07T20:22:47.304530
376bc130-37b7-4f36-9e74-1539b3618864,84b5d927-bfa4-43d2-833c-1dd672f3553a,2026-01-01T08:34:16.919777,camiones,camion_event,VIAJE_FINALIZADO,AF716CJ,Daireaux,Trenque Lauquen,,2026-01-07T20:22:47.304534
96a9cc2c-0115-43fe-8fcf-b662ab066799,17c770c3-0e9d-4904-ac75-6bfc23b9ab4c,2026-01-07T11:34:03.589762,camiones,camion_event,VIAJE_INICIADO,QEH353,Pehuajó,Trenque Lauquen,,2026-01-07T20:22:47.304592
5654812e-714f-4b10-921b-96a49eb69b9c,17c770c3-0e9d-4904-ac75-6bfc23b9ab4c,2026-01-07T13:04:03.589762,camiones,camion_event,CARGA,QEH353,Pehuajó,Trenque Lauquen,29939.0,2026-01-07T20:22:47.304597
261275e4-7634-4ef1-8ebf-e46e6052820d,17c770c3-0e9d-4904-ac75-6bfc23b9ab4c,2026-01-07T14:31:03.589762,camiones,camion_event,DESCARGA,QEH353,Pehuajó,Trenque Lauquen,29939.0,2026-01-07T20:22:47.304601
5ccb6e31-73e6-45e0-b2f4-84300d383d10,17c770c3-0e9d-4904-ac75-6bfc23b9ab4c,2026-01-07T21:18:03.589762,camiones,camion_event,VIAJE_FINALIZADO,QEH353,Pehuajó,Trenque Lauquen,,2026-01-07T20:22:47.304605
977da4a1-deb8-42d6-b80d-c688a5836cd2,f3ba76b6-c279-4c2c-827e-47439e6fb93c,2026-01-01T04:32:44.655369,camiones,camion_event,VIAJE_INICIADO,AF275FR,Uriburu,Villa Maza,,2026-01-07T20:22:47.304686
e2d20c82-e23b-4140-9ad3-8b99ebad6b13,f3ba76b6-c279-4c2c-827e-47439e6fb93c,2026-01-01T05:17:44.655369,camiones,camion_event,CARGA,AF275FR,Uriburu,Villa Maza,29743.0,2026-01-07T20:22:47.304692
bc8a1baa-2d43-41da-a138-c3a491f674da,f3ba76b6-c279-4c2c-827e-47439e6fb93c,2026-01-01T06:48:44.655369,camiones,camion_event,DESCARGA,AF275FR,Uriburu,Villa Maza,29743.0,2026-01-07T20:22:47.304696
7f5322db-536d-4bf5-91bc-be3117378d29,f3ba76b6-c279-4c2c-827e-47439e6fb93c,2026-01-01T13:40:44.655369,camiones,camion_event,VIAJE_FINALIZADO,AF275FR,Uriburu,Villa Maza,,2026-01-07T20:22:47.304704
5ec42a40-7d81-4143-82c5-1a4410151a9b,8b51a2eb-10aa-40b0-883a-198c9507f343,2026-01-05T21:07:48.338446,camiones,camion_event,VIAJE_INICIADO,QIG999,9 de Julio,Pergamino,,2026-01-07T20:22:47.304756
6d8fa2d7-714c-4da7-b689-0aa5e0db1f16,8b51a2eb-10aa-40b0-883a-198c9507f343,2026-01-05T22:31:48.338446,camiones,camion_event,CARGA,QIG999,9 de Julio,Pergamino,29139.0,2026-01-07T20:22:47.304761
91105f69-c29c-4001-9e3b-7a978d910385,8b51a2eb-10aa-40b0-883a-198c9507f343,2026-01-06T00:35:48.338446,camiones,camion_event,DESCARGA,QIG999,9 de Julio,Pergamino,29139.0,2026-01-07T20:22:47.304769
7d2dc749-4514-45e6-b972-ef7a7a62a418,8b51a2eb-10aa-40b0-883a-198c9507f343,2026-01-06T03:57:48.338446,camiones,camion_event,VIAJE_FINALIZADO,QIG999,9 de Julio,Pergamino,,2026-01-07T20:22:47.304773
3dede4d0-7054-442e-a8b9-4d0e362ca2cf,0f2d531a-9a19-407b-834f-c615dece80f5,2026-01-02T21:55:46.049852,camiones,camion_event,VIAJE_INICIADO,NLJ542,Trenque Lauquen,Volta,,2026-01-07T20:22:47.304831
3ab48471-8517-4c9b-a57f-2fbf8f5bd46b,0f2d531a-9a19-407b-834f-c615dece80f5,2026-01-02T22:25:46.049852,camiones,camion_event,CARGA,NLJ542,Trenque Lauquen,Volta,28979.0,2026-01-07T20:22:47.304836
4ecb329d-822c-403b-8f99-24f685a95511,0f2d531a-9a19-407b-834f-c615dece80f5,2026-01-03T01:19:46.049852,camiones,camion_event,DESCARGA,NLJ542,Trenque Lauquen,Volta,28979.0,2026-01-07T20:22:47.304840
7910bb28-d963-44eb-97a9-3d388c2fedbe,0f2d531a-9a19-407b-834f-c615dece80f5,2026-01-03T06:04:46.049852,camiones,camion_event,VIAJE_FINALIZADO,NLJ542,Trenque Lauquen,Volta,,2026-01-07T20:22:47.304844
979a15aa-94f9-4248-aab8-d429c1d06f2a,9e94ecf5-8a50-4be3-bab5-8d0207d0a3cf,2026-01-03T18:40:50.316733,camiones,camion_event,VIAJE_INICIADO,AA929XX,Villa Maza,9 de Julio,,2026-01-07T20:22:47.304915
46885ab0-f380-41f7-bb4e-4571b997edef,9e94ecf5-8a50-4be3-bab5-8d0207d0a3cf,2026-01-03T20:09:50.316733,camiones,camion_event,CARGA,AA929XX,Villa Maza,9 de Julio,28344.0,2026-01-07T20:22:47.304924
b447830b-df83-41be-b83f-102f60435882,9e94ecf5-8a50-4be3-bab5-8d0207d0a3cf,2026-01-03T20:45:50.316733,camiones,camion_event,DESCARGA,AA929XX,Villa Maza,9 de Julio,28344.0,2026-01-07T20:22:47.304932
0edbce52-55f0-4653-8db4-5e65c3e5aae4,9e94ecf5-8a50-4be3-bab5-8d0207d0a3cf,2026-01-03T23:49:50.316733,camiones,camion_event,VIAJE_FINALIZADO,AA929XX,Villa Maza,9 de Julio,,2026-01-07T20:22:47.304941
c7d24f10-9c4b-4be8-9d62-f05492813b49,d4108f81-b2c7-4c2e-b131-5e743628af58,2026-01-03T15:54:55.560278,camiones,camion_event,VIAJE_INICIADO,LAI846,Santa Rosa,Bahía Blanca,,2026-01-07T20:22:47.305000
547898c0-8e2f-4f47-8cfc-604e428c762b,d4108f81-b2c7-4c2e-b131-5e743628af58,2026-01-03T16:54:55.560278,camiones,camion_event,CARGA,LAI846,Santa Rosa,Bahía Blanca,28665.0,2026-01-07T20:22:47.305005
3bb2505f-8490-472c-bc50-183f0ee51cd7,d4108f81-b2c7-4c2e-b131-5e743628af58,2026-01-03T19:06:55.560278,camiones,camion_event,DESCARGA,LAI846,Santa Rosa,Bahía Blanca,28665.0,2026-01-07T20:22:47.305009
813e6a00-7cf8-4580-ac04-31cbccbd9e9f,d4108f81-b2c7-4c2e-b131-5e743628af58,2026-01-04T01:47:55.560278,camiones,camion_event,VIAJE_FINALIZADO,LAI846,Santa Rosa,Bahía Blanca,,2026-01-07T20:22:47.305013
9b1cac76-63ce-4ace-89f0-13355e96da04,614dabe3-6646-47b6-b3ad-0477bd355ee6,2026-01-01T10:42:17.954318,camiones,camion_event,VIAJE_INICIADO,AI585QL,9 de Julio,Uriburu,,2026-01-07T20:22:47.305067
37be0023-1376-43b7-904e-55eafae0ced8,614dabe3-6646-47b6-b3ad-0477bd355ee6,2026-01-01T11:22:17.954318,camiones,camion_event,CARGA,AI585QL,9 de Julio,Uriburu,28784.0,2026-01-07T20:22:47.305072
2f95aab3-146e-49ad-8051-a263e52429c1,614dabe3-6646-47b6-b3ad-0477bd355ee6,2026-01-01T12:53:17.954318,camiones,camion_event,DESCARGA,AI585QL,9 de Julio,Uriburu,28784.0,2026-01-07T20:22:47.305077
8ed0e003-d1dc-4356-ada9-9016318140bb,614dabe3-6646-47b6-b3ad-0477bd355ee6,2026-01-01T19:23:17.954318,camiones,camion_event,VIAJE_FINALIZADO,AI585QL,9 de Julio,Uriburu,,2026-01-07T20:22:47.305081
42599a58-e70b-4d85-9af0-0bbe79e1469d,a108305e-d196-4fca-ad17-d8c6516407ad,2026-01-04T12:53:15.223569,camiones,camion_event,VIAJE_INICIADO,OAY606,Villa Maza,Volta,,2026-01-07T20:22:47.305134
9dd79a9c-24ef-4ef9-9288-42ce01ff7f32,a108305e-d196-4fca-ad17-d8c6516407ad,2026-01-04T14:02:15.223569,camiones,camion_event,CARGA,OAY606,Villa Maza,Volta,28666.0,2026-01-07T20:22:47.305139
2de40ba7-5dec-41b3-8b64-011ee469829c,a108305e-d196-4fca-ad17-d8c6516407ad,2026-01-04T15:37:15.223569,camiones,camion_event,DESCARGA,OAY606,Villa Maza,Volta,28666.0,2026-01-07T20:22:47.305143
df3cdb6e-3c23-4cf3-ac40-743da469209e,a108305e-d196-4fca-ad17-d8c6516407ad,2026-01-04T20:04:15.223569,camiones,camion_event,VIAJE_FINALIZADO,OAY606,Villa Maza,Volta,,2026-01-07T20:22:47.305147
79fa7c12-1edb-4ecc-89fd-d41b85a6d4a7,496f32e1-d904-46cd-ab1e-5efaa7dee33d,2026-01-07T14:01:53.517178,camiones,camion_event,VIAJE_INICIADO,HZV319,Catriló,Villa Maza,,2026-01-07T20:22:47.305193
64de3977-ba63-485a-b3b3-351828925be3,496f32e1-d904-46cd-ab1e-5efaa7dee33d,2026-01-07T15:22:53.517178,camiones,camion_event,CARGA,HZV319,Catriló,Villa Maza,28323.0,2026-01-07T20:22:47.305202
4cc02474-fc0f-4915-bd11-94fd678b54ce,496f32e1-d904-46cd-ab1e-5efaa7dee33d,2026-01-07T17:53:53.517178,camiones,camion_event,DESCARGA,HZV319,Catriló,Villa Maza,28323.0,2026-01-07T20:22:47.305206
230d2cd7-f3f0-4f3c-9a9c-a2b0927b543f,496f32e1-d904-46cd-ab1e-5efaa7dee33d,2026-01-07T21:49:53.517178,camiones,camion_event,VIAJE_FINALIZADO,HZV319,Catriló,Villa Maza,,2026-01-07T20:22:47.305216
a64c6bb0-602e-47d0-b527-c0a8fab0877b,4ebb0d28-b4f3-4a49-b33f-17759b5d8c8f,2026-01-07T14:23:27.849245,camiones,camion_event,VIAJE_INICIADO,ORK669,González Moreno,Pergamino,,2026-01-07T20:22:47.305279
f94207ff-48bd-4bc0-8f9c-64b8853dafc2,4ebb0d28-b4f3-4a49-b33f-17759b5d8c8f,2026-01-07T15:48:27.849245,camiones,camion_event,CARGA,ORK669,González Moreno,Pergamino,28985.0,2026-01-07T20:22:47.305289
3b5cbb03-28e0-454a-a6cc-2283b5e13963,4ebb0d28-b4f3-4a49-b33f-17759b5d8c8f,2026-01-07T17:31:27.849245,camiones,camion_event,DESCARGA,ORK669,González Moreno,Pergamino,28985.0,2026-01-07T20:22:47.305294
4572e1ef-8654-4e79-bbaf-756af0de28e3,4ebb0d28-b4f3-4a49-b33f-17759b5d8c8f,2026-01-07T23:59:27.849245,camiones,camion_event,VIAJE_FINALIZADO,ORK669,González Moreno,Pergamino,,2026-01-07T20:22:47.305299
b249a3d4-305f-44f9-b070-2183a3ba7973,f1725edc-2b33-426e-9039-796d301cdf55,2026-01-06T13:23:43.280897,camiones,camion_event,VIAJE_INICIADO,DUR475,Daireaux,Villa Maza,,2026-01-07T20:22:47.305356
2580b7b6-f31c-44d6-b59f-ef72863009f3,f1725edc-2b33-426e-9039-796d301cdf55,2026-01-06T14:03:43.280897,camiones,camion_event,CARGA,DUR475,Daireaux,Villa Maza,28307.0,2026-01-07T20:22:47.305361
aa5c1f13-aa38-4790-9687-798eb44bde60,f1725edc-2b33-426e-9039-796d301cdf55,2026-01-06T15:23:43.280897,camiones,camion_event,DESCARGA,DUR475,Daireaux,Villa Maza,28307.0,2026-01-07T20:22:47.305365
30518823-e272-4214-aacd-9e0d75373198,f1725edc-2b33-426e-9039-796d301cdf55,2026-01-06T20:49:43.280897,camiones,camion_event,VIAJE_FINALIZADO,DUR475,Daireaux,Villa Maza,,2026-01-07T20:22:47.305370
356870e9-8820-478d-9f40-43c88e677aaa,2456b3f7-d819-417d-a27e-517e4b07a6bf,2026-01-02T05:37:35.993945,camiones,camion_event,VIAJE_INICIADO,GZY831,Bahía Blanca,Volta,,2026-01-07T20:22:47.305418
3d6e67fb-cb2f-4fde-ac2f-cebbf8596a0f,2456b3f7-d819-417d-a27e-517e4b07a6bf,2026-01-02T06:56:35.993945,camiones,camion_event,CARGA,GZY831,Bahía Blanca,Volta,28295.0,2026-01-07T20:22:47.305423
955ed58e-7ed7-4f24-bddb-3b29fbddb4a4,2456b3f7-d819-417d-a27e-517e4b07a6bf,2026-01-02T08:54:35.993945,camiones,camion_event,DESCARGA,GZY831,Bahía Blanca,Volta,28295.0,2026-01-07T20:22:47.305428
6fbc71fe-39c7-473b-936f-a8cfeaac3be6,2456b3f7-d819-417d-a27e-517e4b07a6bf,2026-01-02T11:11:35.993945,camiones,camion_event,VIAJE_FINALIZADO,GZY831,Bahía Blanca,Volta,,2026-01-07T20:22:47.305432
c4d396eb-5778-4765-ae36-68773e725510,9ce7c0f4-8696-4e9d-bff6-91b701eb0382,2026-01-04T14:21:38.825921,camiones,camion_event,VIAJE_INICIADO,QQJ416,Volta,9 de Julio,,2026-01-07T20:22:47.305489
63cccbc8-783b-4462-b1f7-3b0d7bb9392e,9ce7c0f4-8696-4e9d-bff6-91b701eb0382,2026-01-04T15:42:38.825921,camiones,camion_event,CARGA,QQJ416,Volta,9 de Julio,28684.0,2026-01-07T20:22:47.305494
8b50023d-94bc-49c4-875a-fd8e47ac8f2f,9ce7c0f4-8696-4e9d-bff6-91b701eb0382,2026-01-04T16:55:38.825921,camiones,camion_event,DESCARGA,QQJ416,Volta,9 de Julio,28684.0,2026-01-07T20:22:47.305498
7c2aef94-9f46-4285-9e2c-44a53ae0cfd6,9ce7c0f4-8696-4e9d-bff6-91b701eb0382,2026-01-04T21:13:38.825921,camiones,camion_event,VIAJE_FINALIZADO,QQJ416,Volta,9 de Julio,,2026-01-07T20:22:47.305503
3734b7f3-edb2-4232-a0eb-08ea5a7e7c42,8a70a66e-abbe-4717-a0af-fbff94d35a24,2026-01-06T00:43:13.341283,camiones,camion_event,VIAJE_INICIADO,AL311GN,Bahía Blanca,Junín,,2026-01-07T20:22:47.305561
b28d1524-672c-4f27-8bf1-06f7ea36392e,8a70a66e-abbe-4717-a0af-fbff94d35a24,2026-01-06T02:13:13.341283,camiones,camion_event,CARGA,AL311GN,Bahía Blanca,Junín,29963.0,2026-01-07T20:22:47.305566
52dab212-6102-46d9-85e9-58c6f454f0c8,8a70a66e-abbe-4717-a0af-fbff94d35a24,2026-01-06T03:37:13.341283,camiones,camion_event,DESCARGA,AL311GN,Bahía Blanca,Junín,29963.0,2026-01-07T20:22:47.305574
5d43b141-5394-41a0-9bfc-257e7d88a921,8a70a66e-abbe-4717-a0af-fbff94d35a24,2026-01-06T09:28:13.341283,camiones,camion_event,VIAJE_FINALIZADO,AL311GN,Bahía Blanca,Junín,,2026-01-07T20:22:47.305578
9731469f-d12c-471f-970c-ca2e87ae50a7,a4c359a9-f672-4512-99cb-76f494f4b324,2026-01-02T04:37:36.325672,camiones,camion_event,VIAJE_INICIADO,AD898PI,Catriló,Pehuajó,,2026-01-07T20:22:47.305670
179a0602-5cdf-425f-85a9-a2178ce0e4b8,a4c359a9-f672-4512-99cb-76f494f4b324,2026-01-02T05:13:36.325672,camiones,camion_event,CARGA,AD898PI,Catriló,Pehuajó,29322.0,2026-01-07T20:22:47.305676
cd5a16d6-5b00-4023-89a6-14f52b19fb3a,a4c359a9-f672-4512-99cb-76f494f4b324,2026-01-02T08:22:36.325672,camiones,camion_event,DESCARGA,AD898PI,Catriló,Pehuajó,29322.0,2026-01-07T20:22:47.305680
09f36dcd-f057-4282-b067-278e3c060943,a4c359a9-f672-4512-99cb-76f494f4b324,2026-01-02T11:29:36.325672,camiones,camion_event,VIAJE_FINALIZADO,AD898PI,Catriló,Pehuajó,,2026-01-07T20:22:47.305685
