event_id,event_timestamp,unidad_negocio,tipo_evento,tipo_movimiento,animal_id,categoria,peso_kg,origen,destino,establecimiento,created_at
75379541-35ed-42e2-806d-318233ac471a,2026-01-06T22:46:08.048702,ganaderia,ganaderia_event,TRASLADO,AR-883478,Ternero,229,Engorde Este,Campo Sur,Campo Sur,2026-01-07T20:06:22.018432
0de3a553-4535-4901-8cca-51bbef65f9a9,2026-01-06T11:39:19.659363,ganaderia,ganaderia_event,FAENA,AR-579014,Ternero,461,Feedlot Central,Cliente Directo,Feedlot Central,2026-01-07T20:06:22.018464
713685ca-e18a-499e-b09c-1dafb56966b0,2026-01-02T17:26:36.380987,ganaderia,ganaderia_event,FAENA,AR-982567,Vaca,510,Recría Oeste,Frigorífico Regional,Recría Oeste,2026-01-07T20:06:22.018488
5f46b21b-38d6-46e1-a1d4-2105cd753d1a,2026-01-02T10:13:35.167452,ganaderia,ganaderia_event,NACIMIENTO,AR-508780,Toro,45,Engorde Este,Engorde Este,Engorde Este,2026-01-07T20:06:22.018513
07328ab0-6ca2-4cf6-840c-f8efe73916e4,2026-01-01T20:03:25.370295,ganaderia,ganaderia_event,FAENA,AR-603889,Vaquillona,422,Engorde Este,Mercado Concentrador,Engorde Este,2026-01-07T20:06:22.018536
ae7ba1d7-539f-4698-b67d-ad9bd714a478,2026-01-01T18:20:42.213496,ganaderia,ganaderia_event,NACIMIENTO,AR-524227,Novillo,43,Engorde Este,Engorde Este,Engorde Este,2026-01-07T20:06:22.018557
1d18ebe7-1603-4297-bf13-7afe8e6ee10b,2026-01-05T23:46:29.691782,ganaderia,ganaderia_event,NACIMIENTO,AR-501944,Vaquillona,32,Engorde Este,Engorde Este,Engorde Este,2026-01-07T20:06:22.018576
9ddf98ac-946b-4b2d-a8af-282285531948,2026-01-06T09:45:06.423176,ganaderia,ganaderia_event,TRASLADO,AR-852426,Toro,194,Recría Oeste,Feedlot Central,Feedlot Central,2026-01-07T20:06:22.018596
aac671fb-b550-438d-a456-0823d509c89e,2026-01-02T19:08:02.962260,ganaderia,ganaderia_event,TRASLADO,AR-146348,Vaquillona,134,Recría Oeste,Engorde Este,Engorde Este,2026-01-07T20:06:22.018616
8758dac5-04a3-485f-a22e-f189d48b4e22,2026-01-03T12:22:52.414496,ganaderia,ganaderia_event,MUERTE,AR-990259,Vaca,199,Recría Oeste,Baja Sanitaria,Recría Oeste,2026-01-07T20:06:22.018635
c5b6ca5e-b306-42dc-89bc-32e6c7bb135f,2026-01-01T10:37:58.411555,ganaderia,ganaderia_event,NACIMIENTO,AR-721386,Ternero,37,Feedlot Central,Feedlot Central,Feedlot Central,2026-01-07T20:06:22.018653
612b0b64-bfc5-4033-975f-1a5711a680d1,2026-01-02T18:47:49.277885,ganaderia,ganaderia_event,MUERTE,AR-377209,Toro,201,Campo Norte,Baja Sanitaria,Campo Norte,2026-01-07T20:06:22.018671
321c02e7-2865-4029-a222-56933f7dcc0b,2026-01-07T15:59:01.327153,ganaderia,ganaderia_event,VENTA,AR-986983,Novillo,388,Engorde Este,Cliente Directo,Engorde Este,2026-01-07T20:06:22.018689
ae834ea1-be4a-441c-a4a0-f3fa385d6cca,2026-01-02T16:37:17.716220,ganaderia,ganaderia_event,VENTA,AR-924440,Toro,499,Campo Norte,Mercado Concentrador,Campo Norte,2026-01-07T20:06:22.018707
d4eb7758-cbbb-425c-8a8c-3bcf5a33b824,2026-01-07T10:43:26.203579,ganaderia,ganaderia_event,FAENA,AR-314308,Ternero,428,Feedlot Central,Frigorífico Regional,Feedlot Central,2026-01-07T20:06:22.018724
0dfaeda4-e987-4321-9df1-e7d55aa015b2,2026-01-01T10:41:36.839299,ganaderia,ganaderia_event,VENTA,AR-542202,Toro,510,Feedlot Central,Cliente Directo,Feedlot Central,2026-01-07T20:06:22.018742
17572e65-68da-4aa9-ba77-5e4d124d1374,2026-01-02T17:10:52.206556,ganaderia,ganaderia_event,VENTA,AR-946270,Ternero,462,Campo Norte,Mercado Concentrador,Campo Norte,2026-01-07T20:06:22.018759
6dec4bb4-3261-405b-9f52-e8d9aa13b3bd,2026-01-04T17:26:24.810148,ganaderia,ganaderia_event,TRASLADO,AR-542366,Vaca,157,Campo Norte,Campo Sur,Campo Sur,2026-01-07T20:06:22.018777
25f85665-7e68-432b-8cc0-78ab165cdda5,2026-01-01T10:28:20.803202,ganaderia,ganaderia_event,MUERTE,AR-873844,Novillo,218,Engorde Este,Baja Sanitaria,Engorde Este,2026-01-07T20:06:22.018795
8a2fd297-3afe-4686-91fe-0db5c1db3abe,2026-01-07T16:00:34.844259,ganaderia,ganaderia_event,VENTA,AR-506996,Vaquillona,420,Recría Oeste,Mercado Concentrador,Recría Oeste,2026-01-07T20:06:22.018812
a06c6cd6-2f1b-4e48-a51b-8f8f1fed9677,2026-01-04T21:33:20.902703,ganaderia,ganaderia_event,VENTA,AR-888829,Toro,406,Engorde Este,Mercado Concentrador,Engorde Este,2026-01-07T20:06:22.018833
0afb57a7-c2c9-4a32-a055-f1e01700966a,2026-01-01T19:49:44.253343,ganaderia,ganaderia_event,VENTA,AR-519733,Toro,408,Engorde Este,Cliente Directo,Engorde Este,2026-01-07T20:06:22.018853
a7597d3f-bf6e-4f1f-b10f-c68d579d7ed9,2026-01-04T05:03:21.478301,ganaderia,ganaderia_event,VENTA,AR-258117,Ternero,520,Campo Norte,Mercado Concentrador,Campo Norte,2026-01-07T20:06:22.018870
961d6eea-df06-47f4-a33f-8d75169ba74c,2026-01-07T01:03:17.626653,ganaderia,ganaderia_event,TRASLADO,AR-404465,Novillo,136,Engorde Este,Feedlot Central,Feedlot Central,2026-01-07T20:06:22.018888
6447e541-415e-4e25-bab2-392bc4792b24,2026-01-03T20:57:36.464369,ganaderia,ganaderia_event,NACIMIENTO,AR-529109,Ternero,31,Recría Oeste,Recría Oeste,Recría Oeste,2026-01-07T20:06:22.018905
88e8a398-2890-4ddc-8ce4-a92a14d70445,2026-01-02T14:25:19.328424,ganaderia,ganaderia_event,TRASLADO,AR-661799,Novillo,191,Campo Sur,Campo Norte,Campo Norte,2026-01-07T20:06:22.018923
fc497368-d613-41fe-abe0-0d6a8748a381,2026-01-03T05:08:43.812347,ganaderia,ganaderia_event,MUERTE,AR-489692,Ternero,112,Campo Norte,Baja Sanitaria,Campo Norte,2026-01-07T20:06:22.018940
0e623f71-8a2f-4cb6-868f-57560b4e85c7,2026-01-05T08:56:45.705956,ganaderia,ganaderia_event,MUERTE,AR-605416,Ternero,210,Campo Norte,Baja Sanitaria,Campo Norte,2026-01-07T20:06:22.018956
e5f0d685-ec8c-4aca-bd43-8b441d749d94,2026-01-07T06:31:36.091907,ganaderia,ganaderia_event,VENTA,AR-745237,Toro,416,Engorde Este,Frigorífico Regional,Engorde Este,2026-01-07T20:06:22.018974
350baa13-edfb-4484-b3e8-9db2cbbb2171,2026-01-07T10:44:07.328560,ganaderia,ganaderia_event,VENTA,AR-789658,Vaca,403,Recría Oeste,Cliente Directo,Recría Oeste,2026-01-07T20:06:22.018991
36ee9f76-c8fb-4068-bc54-c4408d1e414c,2026-01-03T23:52:48.597507,ganaderia,ganaderia_event,FAENA,AR-345414,Vaca,449,Feedlot Central,Mercado Concentrador,Feedlot Central,2026-01-07T20:06:22.019011
31feee52-ff17-4765-bac6-f8e3b81666cc,2026-01-06T01:14:46.250724,ganaderia,ganaderia_event,VENTA,AR-612838,Novillo,433,Campo Norte,Mercado Concentrador,Campo Norte,2026-01-07T20:06:22.019029
09a22ca3-a095-44c9-9bea-c1c67db2a590,2026-01-03T16:37:27.677670,ganaderia,ganaderia_event,FAENA,AR-637529,Ternero,514,Feedlot Central,Mercado Concentrador,Feedlot Central,2026-01-07T20:06:22.019046
3fd4e7af-f123-4d86-a9c3-9af4c0e0ddeb,2026-01-01T21:42:11.154730,ganaderia,ganaderia_event,FAENA,AR-351095,Vaca,493,Engorde Este,Mercado Concentrador,Engorde Este,2026-01-07T20:06:22.019064
1e89de4b-9f18-496f-bb9f-5c9a498a4d6a,2026-01-06T04:12:37.374104,ganaderia,ganaderia_event,NACIMIENTO,AR-152103,Vaca,33,Feedlot Central,Feedlot Central,Feedlot Central,2026-01-07T20:06:22.019080
b8a48d2d-ccc4-47e6-858d-5971423df48e,2026-01-05T22:55:27.289011,ganaderia,ganaderia_event,FAENA,AR-586884,Ternero,510,Feedlot Central,Frigorífico Regional,Feedlot Central,2026-01-07T20:06:22.019098
50d11a71-e0bc-48bb-8615-73f59c5030a9,2026-01-03T20:34:33.199193,ganaderia,ganaderia_event,FAENA,AR-410257,Toro,475,Engorde Este,Frigorífico Regional,Engorde Este,2026-01-07T20:06:22.019114
d6d6a47a-3059-4792-98b6-fbe1f5d6471a,2026-01-02T02:16:18.026102,ganaderia,ganaderia_event,VENTA,AR-214210,Novillo,432,Feedlot Central,Mercado Concentrador,Feedlot Central,2026-01-07T20:06:22.019131
977591ae-3508-4772-8651-b2894ab6ebee,2026-01-03T15:37:43.927463,ganaderia,ganaderia_event,VENTA,AR-494630,Toro,414,Campo Sur,Frigorífico Regional,Campo Sur,2026-01-07T20:06:22.019147
46f11ef9-7702-4d1b-a41e-1db09ec3793f,2026-01-07T08:13:26.271694,ganaderia,ganaderia_event,VENTA,AR-678105,Toro,447,Campo Norte,Mercado Concentrador,Campo Norte,2026-01-07T20:06:22.019164
e3e3efab-4955-4116-8555-0ca09fc6d445,2026-01-01T02:24:49.295116,ganaderia,ganaderia_event,TRASLADO,AR-702013,Vaquillona,278,Feedlot Central,Campo Norte,Campo Norte,2026-01-07T20:06:22.019181
4f69a030-4a5b-4cf1-afdc-9b479e222161,2026-01-01T02:37:50.687932,ganaderia,ganaderia_event,VENTA,AR-336990,Vaca,507,Recría Oeste,Mercado Concentrador,Recría Oeste,2026-01-07T20:06:22.019199
74ff7020-e352-4774-bbf7-04685ff7b795,2026-01-06T12:18:56.904772,ganaderia,ganaderia_event,MUERTE,AR-887342,Vaca,212,Feedlot Central,Baja Sanitaria,Feedlot Central,2026-01-07T20:06:22.019215
623dbcab-56a1-48c5-be59-489e04ed0a0e,2026-01-03T23:09:36.260227,ganaderia,ganaderia_event,VENTA,AR-905745,Novillo,439,Feedlot Central,Frigorífico Regional,Feedlot Central,2026-01-07T20:06:22.019232
8b83f6e1-feae-40f1-b86f-18b248080c4f,2026-01-06T00:11:15.586731,ganaderia,ganaderia_event,FAENA,AR-921805,Novillo,462,Feedlot Central,Cliente Directo,Feedlot Central,2026-01-07T20:06:22.019249
c9b82ea7-3c0c-4f0c-8d01-053d3000d950,2026-01-06T17:04:25.497959,ganaderia,ganaderia_event,FAENA,AR-537012,Novillo,507,Campo Norte,Mercado Concentrador,Campo Norte,2026-01-07T20:06:22.019269
758f36c3-4dc7-4d49-a7be-24c3a1a7865f,2026-01-03T19:35:00.280410,ganaderia,ganaderia_event,VENTA,AR-785968,Toro,381,Recría Oeste,Mercado Concentrador,Recría Oeste,2026-01-07T20:06:22.019294
c3b61b89-89e4-4080-aff3-08afb7794322,2026-01-02T03:12:33.449566,ganaderia,ganaderia_event,TRASLADO,AR-999806,Vaquillona,156,Recría Oeste,Campo Norte,Campo Norte,2026-01-07T20:06:22.019314
6eac11cf-952a-49dc-abd3-8205e8d44a2a,2026-01-06T04:21:14.035826,ganaderia,ganaderia_event,NACIMIENTO,AR-308426,Ternero,36,Recría Oeste,Recría Oeste,Recría Oeste,2026-01-07T20:06:22.019332
94a4889b-0d97-472c-935c-10faaf64f357,2026-01-02T21:25:41.930910,ganaderia,ganaderia_event,TRASLADO,AR-238234,Ternero,173,Campo Norte,Campo Sur,Campo Sur,2026-01-07T20:06:22.019351
85d7dc4c-0dc5-40f4-bd3c-d735083874db,2026-01-07T07:13:01.669225,ganaderia,ganaderia_event,FAENA,AR-931229,Vaquillona,407,Feedlot Central,Frigorífico Regional,Feedlot Central,2026-01-07T20:06:22.019369
8e9ac099-67c3-43c2-888c-fdb73015616b,2026-01-07T08:49:29.561975,ganaderia,ganaderia_event,FAENA,AR-599990,Toro,472,Feedlot Central,Cliente Directo,Feedlot Central,2026-01-07T20:06:22.019386
3156c90a-d55b-4016-a90b-38e3c6c5e6c2,2026-01-05T18:43:56.281240,ganaderia,ganaderia_event,VENTA,AR-936189,Vaquillona,452,Campo Norte,Mercado Concentrador,Campo Norte,2026-01-07T20:06:22.019403
a4acf07b-96a8-4b1d-9df9-012a0ebe8dee,2026-01-03T23:37:44.287646,ganaderia,ganaderia_event,FAENA,AR-822564,Novillo,414,Feedlot Central,Frigorífico Regional,Feedlot Central,2026-01-07T20:06:22.019421
5b2aa896-3658-412b-a6aa-e4d15ec7efda,2026-01-06T07:20:57.559407,ganaderia,ganaderia_event,NACIMIENTO,AR-600700,Ternero,43,Feedlot Central,Feedlot Central,Feedlot Central,2026-01-07T20:06:22.019442
5a1dcebf-d236-45f0-9769-b43e55d61b6b,2026-01-05T15:27:36.012693,ganaderia,ganaderia_event,MUERTE,AR-722823,Ternero,197,Recría Oeste,Baja Sanitaria,Recría Oeste,2026-01-07T20:06:22.019458
0e0cd577-449b-4335-ad2e-94c2449960b5,2026-01-05T12:10:56.389406,ganaderia,ganaderia_event,FAENA,AR-109144,Vaquillona,444,Campo Sur,Frigorífico Regional,Campo Sur,2026-01-07T20:06:22.019475
6717f541-afba-454e-83c4-c77083b979de,2026-01-01T22:39:47.469644,ganaderia,ganaderia_event,FAENA,AR-903646,Ternero,425,Feedlot Central,Frigorífico Regional,Feedlot Central,2026-01-07T20:06:22.019492
fba7f504-dac3-48ed-969d-c57c6828c07a,2026-01-06T01:25:06.836174,ganaderia,ganaderia_event,VENTA,AR-994279,Vaquillona,508,Campo Sur,Frigorífico Regional,Campo Sur,2026-01-07T20:06:22.019509
13b1f1f8-30c5-4fe8-bb7e-aec65f3b1c40,2026-01-06T22:35:36.440718,ganaderia,ganaderia_event,FAENA,AR-967866,Toro,501,Feedlot Central,Mercado Concentrador,Feedlot Central,2026-01-07T20:06:22.019526
6ad098a9-9718-427a-b42f-84899042a864,2026-01-06T11:33:31.146297,ganaderia,ganaderia_event,TRASLADO,AR-166421,Vaca,252,Engorde Este,Recría Oeste,Recría Oeste,2026-01-07T20:06:22.019543
f5ee6b7c-5c17-4a36-aae2-f4938365ff44,2026-01-01T23:13:56.627118,ganaderia,ganaderia_event,FAENA,AR-396763,Toro,465,Feedlot Central,Mercado Concentrador,Feedlot Central,2026-01-07T20:06:22.019560
b5951a70-15a5-469b-b7dd-d523c72a0dee,2026-01-07T05:46:39.278911,ganaderia,ganaderia_event,FAENA,AR-158132,Ternero,511,Campo Norte,Cliente Directo,Campo Norte,2026-01-07T20:06:22.019577
1eaf4ada-0fb8-4a7f-bfdf-f8c99bb7a847,2026-01-06T14:24:32.459188,ganaderia,ganaderia_event,MUERTE,AR-381809,Toro,145,Campo Sur,Baja Sanitaria,Campo Sur,2026-01-07T20:06:22.019598
690adf50-8ee3-4e4a-907e-6239262f7754,2026-01-04T14:23:34.817684,ganaderia,ganaderia_event,MUERTE,AR-141762,Novillo,126,Feedlot Central,Baja Sanitaria,Feedlot Central,2026-01-07T20:06:22.019618
93322c4b-a724-44bf-978f-d527a13aa77d,2026-01-03T17:32:21.094578,ganaderia,ganaderia_event,MUERTE,AR-536232,Ternero,53,Engorde Este,Baja Sanitaria,Engorde Este,2026-01-07T20:06:22.019637
da29f812-6ceb-4153-b966-b868daadb958,2026-01-02T20:21:54.424582,ganaderia,ganaderia_event,FAENA,AR-914624,Toro,395,Recría Oeste,Frigorífico Regional,Recría Oeste,2026-01-07T20:06:22.019656
bf601523-0446-43b9-999d-a76c6ae85ad6,2026-01-07T11:44:14.610263,ganaderia,ganaderia_event,MUERTE,AR-242647,Vaca,228,Recría Oeste,Baja Sanitaria,Recría Oeste,2026-01-07T20:06:22.019673
27cc2222-831b-4a99-976d-fe7109ac036f,2026-01-07T13:45:27.811043,ganaderia,ganaderia_event,NACIMIENTO,AR-986060,Ternero,35,Campo Sur,Campo Sur,Campo Sur,2026-01-07T20:06:22.019691
417208b0-c96a-4528-ba94-7227221b7869,2026-01-03T15:10:11.055343,ganaderia,ganaderia_event,NACIMIENTO,AR-436833,Toro,35,Feedlot Central,Feedlot Central,Feedlot Central,2026-01-07T20:06:22.019708
2bf6a713-53c4-4fdf-ae9d-43031ee08ef4,2026-01-04T05:28:40.648741,ganaderia,ganaderia_event,NACIMIENTO,AR-864077,Vaquillona,33,Feedlot Central,Feedlot Central,Feedlot Central,2026-01-07T20:06:22.019725
55977670-14e0-4f57-87ee-f3cee9bcc42f,2026-01-05T18:06:38.348612,ganaderia,ganaderia_event,TRASLADO,AR-345498,Novillo,192,Campo Norte,Feedlot Central,Feedlot Central,2026-01-07T20:06:22.019793
9c94c906-c9fc-4201-81e9-0e2d3b9b8259,2026-01-02T17:59:12.161074,ganaderia,ganaderia_event,VENTA,AR-701840,Toro,396,Recría Oeste,Mercado Concentrador,Recría Oeste,2026-01-07T20:06:22.019832
5c46a8e3-09c4-452e-b78e-19ff241305d0,2026-01-01T16:09:19.950230,ganaderia,ganaderia_event,MUERTE,AR-579793,Ternero,81,Campo Norte,Baja Sanitaria,Campo Norte,2026-01-07T20:06:22.019856
412fca7f-752b-451b-a5c3-c8f291d6e5c0,2026-01-01T04:23:22.816291,ganaderia,ganaderia_event,MUERTE,AR-301084,Vaquillona,73,Campo Sur,Baja Sanitaria,Campo Sur,2026-01-07T20:06:22.019877
a1928523-47c5-4369-b8ba-0276e20992af,2026-01-06T13:31:39.496032,ganaderia,ganaderia_event,VENTA,AR-235627,Toro,419,Feedlot Central,Frigorífico Regional,Feedlot Central,2026-01-07T20:06:22.019896
8612f9dc-b62f-4936-8105-6657a5b3a22f,2026-01-04T17:38:07.165299,ganaderia,ganaderia_event,FAENA,AR-551446,Ternero,416,Campo Sur,Mercado Concentrador,Campo Sur,2026-01-07T20:06:22.019914
c2923705-6605-45f1-873e-c247196b6db9,2026-01-03T17:32:37.366196,ganaderia,ganaderia_event,NACIMIENTO,AR-186206,Toro,38,Feedlot Central,Feedlot Central,Feedlot Central,2026-01-07T20:06:22.019933
cff2cac1-f9b5-4495-b721-28635b37ed73,2026-01-04T22:28:01.719710,ganaderia,ganaderia_event,NACIMIENTO,AR-745649,Vaca,31,Campo Sur,Campo Sur,Campo Sur,2026-01-07T20:06:22.019951
2d02f4d7-4a77-49b0-a799-8aa92514c951,2026-01-04T00:10:59.108463,ganaderia,ganaderia_event,TRASLADO,AR-307200,Vaca,140,Feedlot Central,Campo Norte,Campo Norte,2026-01-07T20:06:22.019969
5ce7b008-1d77-40e3-86d4-128929455669,2026-01-03T04:38:32.920572,ganaderia,ganaderia_event,TRASLADO,AR-952753,Ternero,186,Feedlot Central,Engorde Este,Engorde Este,2026-01-07T20:06:22.019987
2801e78c-de9e-45e3-b2fe-e200a973cc80,2026-01-05T01:02:36.420257,ganaderia,ganaderia_event,VENTA,AR-260756,Toro,401,Campo Sur,Mercado Concentrador,Campo Sur,2026-01-07T20:06:22.020006
d4084970-2669-46b7-860f-d4ce5f8661b2,2026-01-02T21:20:10.489715,ganaderia,ganaderia_event,MUERTE,AR-938223,Toro,228,Campo Sur,Baja Sanitaria,Campo Sur,2026-01-07T20:06:22.020024
5af4b5dd-995b-4a06-ba79-f365ab8dcb68,2026-01-01T09:49:21.528857,ganaderia,ganaderia_event,MUERTE,AR-753712,Vaca,404,Recría Oeste,Baja Sanitaria,Recría Oeste,2026-01-07T20:06:22.020042
88cf0b37-8fc7-40a6-85d6-08a43bade5a4,2026-01-03T10:16:21.172338,ganaderia,ganaderia_event,MUERTE,AR-757055,Vaca,278,Campo Sur,Baja Sanitaria,Campo Sur,2026-01-07T20:06:22.020068
70fe0369-093e-47fc-ba0d-9c4a4b6682da,2026-01-05T05:17:45.435151,ganaderia,ganaderia_event,NACIMIENTO,AR-216257,Novillo,38,Engorde Este,Engorde Este,Engorde Este,2026-01-07T20:06:22.020087
2ce97794-1fc9-4cc1-974c-db158168f106,2026-01-06T17:35:40.239025,ganaderia,ganaderia_event,FAENA,AR-181511,Vaquillona,446,Recría Oeste,Mercado Concentrador,Recría Oeste,2026-01-07T20:06:22.020104
34b8d610-5609-416d-9aac-66de64a227cf,2026-01-03T10:33:11.876771,ganaderia,ganaderia_event,TRASLADO,AR-664683,Novillo,145,Feedlot Central,Campo Sur,Campo Sur,2026-01-07T20:06:22.020126
1718b5cc-1cb0-4a41-afaf-357c8866af28,2026-01-04T19:47:38.215819,ganaderia,ganaderia_event,NACIMIENTO,AR-568438,Novillo,42,Engorde Este,Engorde Este,Engorde Este,2026-01-07T20:06:22.020145
7ac8393b-4734-404c-ae32-689eeb42cdef,2026-01-06T04:40:10.188953,ganaderia,ganaderia_event,FAENA,AR-392963,Ternero,520,Engorde Este,Cliente Directo,Engorde Este,2026-01-07T20:06:22.020163
e2b42414-0eda-4925-86e0-15eb018a2a92,2026-01-07T10:13:26.919671,ganaderia,ganaderia_event,FAENA,AR-281605,Toro,467,Campo Sur,Mercado Concentrador,Campo Sur,2026-01-07T20:06:22.020181
86cae382-8915-4c08-9af4-729029e6de8e,2026-01-07T07:07:27.006250,ganaderia,ganaderia_event,FAENA,AR-627801,Novillo,411,Campo Norte,Mercado Concentrador,Campo Norte,2026-01-07T20:06:22.020198
c223a351-6f3a-4406-958f-10ea70361019,2026-01-06T01:44:57.664747,ganaderia,ganaderia_event,TRASLADO,AR-290473,Toro,239,Feedlot Central,Campo Norte,Campo Norte,2026-01-07T20:06:22.020274
4c96c8d6-cac9-4159-a445-f7c8eaa50c0c,2026-01-06T04:50:26.006348,ganaderia,ganaderia_event,TRASLADO,AR-128819,Novillo,192,Feedlot Central,Engorde Este,Engorde Este,2026-01-07T20:06:22.020298
d994670f-231d-45fb-ab8d-d02018f6a914,2026-01-03T02:05:15.960284,ganaderia,ganaderia_event,NACIMIENTO,AR-262913,Vaca,45,Recría Oeste,Recría Oeste,Recría Oeste,2026-01-07T20:06:22.020318
39522ed8-71e3-4544-b5c9-a85d9fdec74a,2026-01-02T17:00:44.927360,ganaderia,ganaderia_event,MUERTE,AR-997087,Novillo,339,Recría Oeste,Baja Sanitaria,Recría Oeste,2026-01-07T20:06:22.020338
8b933538-4bcb-4f30-992e-a5e1de738375,2026-01-05T04:31:58.450361,ganaderia,ganaderia_event,TRASLADO,AR-112402,Ternero,286,Engorde Este,Feedlot Central,Feedlot Central,2026-01-07T20:06:22.020357
308e25b6-3579-489f-bbb6-b5646058d6b9,2026-01-05T06:25:00.446625,ganaderia,ganaderia_event,FAENA,AR-439586,Vaquillona,486,Feedlot Central,Mercado Concentrador,Feedlot Central,2026-01-07T20:06:22.020382
6b0abd05-5bfd-49ca-8e16-6f8293824be0,2026-01-02T20:38:59.659356,ganaderia,ganaderia_event,MUERTE,AR-346841,Vaca,163,Engorde Este,Baja Sanitaria,Engorde Este,2026-01-07T20:06:22.020400
c8daa74d-7801-42eb-9487-32d299aecadb,2026-01-01T21:49:52.049169,ganaderia,ganaderia_event,FAENA,AR-224881,Vaca,503,Recría Oeste,Frigorífico Regional,Recría Oeste,2026-01-07T20:06:22.020419
3eccac37-2e77-4762-81f7-d93cd4861297,2026-01-05T09:42:55.722809,ganaderia,ganaderia_event,VENTA,AR-897191,Vaquillona,432,Recría Oeste,Mercado Concentrador,Recría Oeste,2026-01-07T20:06:22.020437
33c17617-63da-49c2-93cf-6eb66740e882,2026-01-07T07:48:49.831851,ganaderia,ganaderia_event,NACIMIENTO,AR-120545,Ternero,31,Feedlot Central,Feedlot Central,Feedlot Central,2026-01-07T20:06:22.020454
448f1364-edbc-429a-85d3-56fd4e42fa13,2026-01-02T15:22:37.532653,ganaderia,ganaderia_event,VENTA,AR-365802,Novillo,409,Campo Norte,Frigorífico Regional,Campo Norte,2026-01-07T20:06:22.020472
f4ff1d17-b6ad-4b67-ad6c-397509a02e93,2026-01-02T14:35:25.271299,ganaderia,ganaderia_event,NACIMIENTO,AR-684100,Vaquillona,37,Campo Norte,Campo Norte,Campo Norte,2026-01-07T20:06:22.020489
02f0affd-4121-4c54-a058-919f7a80e1eb,2026-01-02T19:04:00.185575,ganaderia,ganaderia_event,TRASLADO,AR-752540,Vaca,196,Engorde Este,Campo Sur,Campo Sur,2026-01-07T20:06:22.020507
3821f635-2981-418f-b3be-860f82523cfb,2026-01-05T00:38:18.444167,ganaderia,ganaderia_event,MUERTE,AR-462659,Toro,347,Recría Oeste,Baja Sanitaria,Recría Oeste,2026-01-07T20:06:22.020525
f61c8227-ad95-4b5d-bd0f-de3be47ab7c7,2026-01-06T14:09:43.192725,ganaderia,ganaderia_event,NACIMIENTO,AR-839371,Ternero,34,Campo Norte,Campo Norte,Campo Norte,2026-01-07T20:06:22.020542
7491860b-7273-420b-bc52-b1e23f5ea445,2026-01-05T22:06:34.925814,ganaderia,ganaderia_event,FAENA,AR-472235,Ternero,473,Engorde Este,Cliente Directo,Engorde Este,2026-01-07T20:06:22.020560
5d2e77b7-6045-47cc-9d9f-136df8c8dfad,2026-01-02T17:57:32.303298,ganaderia,ganaderia_event,MUERTE,AR-848537,Vaquillona,402,Campo Norte,Baja Sanitaria,Campo Norte,2026-01-07T20:06:22.020580
a2645b63-3f84-490d-a37d-c0fb9470194f,2026-01-01T22:38:38.255043,ganaderia,ganaderia_event,MUERTE,AR-842680,Toro,283,Campo Sur,Baja Sanitaria,Campo Sur,2026-01-07T20:06:22.020599
8115c19b-ca8b-492c-8fd5-e5de3af174a8,2026-01-05T23:19:37.075104,ganaderia,ganaderia_event,NACIMIENTO,AR-362176,Ternero,43,Campo Norte,Campo Norte,Campo Norte,2026-01-07T20:06:22.020616
f8218311-cdea-4e21-877f-2fa35d2220b5,2026-01-02T03:48:29.218715,ganaderia,ganaderia_event,TRASLADO,AR-105444,Toro,231,Feedlot Central,Campo Norte,Campo Norte,2026-01-07T20:06:22.020634
c619e4e6-f1e8-4ec9-8d44-9166afde87ad,2026-01-01T23:23:09.827161,ganaderia,ganaderia_event,FAENA,AR-202511,Novillo,486,Engorde Este,Cliente Directo,Engorde Este,2026-01-07T20:06:22.020651
2c79b895-8a23-4ec6-a233-781d83d87e72,2026-01-01T09:21:51.446044,ganaderia,ganaderia_event,TRASLADO,AR-250718,Toro,123,Engorde Este,Feedlot Central,Feedlot Central,2026-01-07T20:06:22.020669
51425a42-abfa-4fb2-a4f2-6691fb346f3b,2026-01-05T18:54:36.772067,ganaderia,ganaderia_event,NACIMIENTO,AR-494504,Vaquillona,39,Recría Oeste,Recría Oeste,Recría Oeste,2026-01-07T20:06:22.020686
b720c902-1692-4713-9471-c3ae38d0cda5,2026-01-01T13:36:41.504537,ganaderia,ganaderia_event,MUERTE,AR-626474,Vaca,186,Recría Oeste,Baja Sanitaria,Recría Oeste,2026-01-07T20:06:22.020702
148cc362-4074-48cd-b34a-72fc141d1bbd,2026-01-02T06:08:20.381391,ganaderia,ganaderia_event,MUERTE,AR-212372,Vaquillona,142,Recría Oeste,Baja Sanitaria,Recría Oeste,2026-01-07T20:06:22.020719
a67de5db-5b72-4fae-9617-e729db95afe3,2026-01-04T10:57:13.434605,ganaderia,ganaderia_event,MUERTE,AR-175530,Toro,126,Feedlot Central,Baja Sanitaria,Feedlot Central,2026-01-07T20:06:22.020735
39038a83-eda3-4266-8c33-1f68d64f0de9,2026-01-02T01:58:40.715224,ganaderia,ganaderia_event,FAENA,AR-638945,Toro,408,Engorde Este,Mercado Concentrador,Engorde Este,2026-01-07T20:06:22.020752
c6c2e98e-626b-4920-88bb-09f215a0c84f,2026-01-01T19:04:13.404736,ganaderia,ganaderia_event,TRASLADO,AR-792656,Novillo,201,Campo Norte,Feedlot Central,Feedlot Central,2026-01-07T20:06:22.020769
9b4cf538-4ecd-490a-8541-db4f2a879e4f,2026-01-07T04:26:27.230716,ganaderia,ganaderia_event,FAENA,AR-423992,Ternero,412,Campo Sur,Frigorífico Regional,Campo Sur,2026-01-07T20:06:22.020786
eaa15c32-f845-48c6-861b-4d9f692b02bd,2026-01-05T12:19:53.783751,ganaderia,ganaderia_event,NACIMIENTO,AR-556573,Ternero,42,Campo Sur,Campo Sur,Campo Sur,2026-01-07T20:06:22.020803
6e84682f-200b-44b6-9cdb-070166f53967,2026-01-02T07:26:06.862516,ganaderia,ganaderia_event,NACIMIENTO,AR-928831,Novillo,45,Feedlot Central,Feedlot Central,Feedlot Central,2026-01-07T20:06:22.020822
c5fd7840-7ad5-4135-a77c-01a7ae64deec,2026-01-04T06:54:24.231652,ganaderia,ganaderia_event,NACIMIENTO,AR-563814,Vaquillona,41,Feedlot Central,Feedlot Central,Feedlot Central,2026-01-07T20:06:22.020839
78de4be1-ca0a-4ab7-8de4-a6da5f3ea463,2026-01-06T15:58:41.980261,ganaderia,ganaderia_event,FAENA,AR-929997,Ternero,423,Recría Oeste,Cliente Directo,Recría Oeste,2026-01-07T20:06:22.020856
0f2d0489-e641-4b6e-9267-aab4bd0e1309,2026-01-07T09:56:17.678786,ganaderia,ganaderia_event,VENTA,AR-192998,Novillo,409,Campo Sur,Frigorífico Regional,Campo Sur,2026-01-07T20:06:22.020873
99522867-ec70-48c9-a7ea-6a91d5ce8d85,2026-01-04T11:54:34.488070,ganaderia,ganaderia_event,VENTA,AR-738047,Novillo,467,Engorde Este,Frigorífico Regional,Engorde Este,2026-01-07T20:06:22.020890
89f4ff46-7a66-4286-aa5e-85a95dc0bb2a,2026-01-06T14:03:35.152202,ganaderia,ganaderia_event,VENTA,AR-797458,Vaca,424,Campo Norte,Mercado Concentrador,Campo Norte,2026-01-07T20:06:22.020907
fed6e490-9ac1-4bf0-aee0-44124d69bb6b,2026-01-07T04:35:19.753830,ganaderia,ganaderia_event,TRASLADO,AR-327467,Toro,156,Recría Oeste,Campo Norte,Campo Norte,2026-01-07T20:06:22.020924
c0866012-6924-43d3-a8f0-d46848693231,2026-01-03T07:23:58.540972,ganaderia,ganaderia_event,FAENA,AR-339595,Novillo,490,Feedlot Central,Frigorífico Regional,Feedlot Central,2026-01-07T20:06:22.020942
2f2a1dd9-66f8-41b4-9d80-72dba4d1411e,2026-01-07T16:59:21.029584,ganaderia,ganaderia_event,VENTA,AR-432077,Toro,486,Campo Norte,Frigorífico Regional,Campo Norte,2026-01-07T20:06:22.020962
5096a4b0-33ee-4721-97e2-ef2d94d7a3c8,2026-01-05T05:51:37.790844,ganaderia,ganaderia_event,VENTA,AR-252632,Vaquillona,399,Recría Oeste,Frigorífico Regional,Recría Oeste,2026-01-07T20:06:22.020980
550e7ead-0511-4521-b826-0b26c923a4dc,2026-01-02T05:39:36.450391,ganaderia,ganaderia_event,NACIMIENTO,AR-880243,Vaquillona,35,Campo Sur,Campo Sur,Campo Sur,2026-01-07T20:06:22.020997
a49fc626-7260-47fb-847f-30b69cd24cb9,2026-01-04T20:27:51.136086,ganaderia,ganaderia_event,FAENA,AR-210476,Vaca,462,Recría Oeste,Mercado Concentrador,Recría Oeste,2026-01-07T20:06:22.021014
7b006e80-b989-4136-bbd2-a7afecf07d78,2026-01-07T15:06:26.887113,ganaderia,ganaderia_event,NACIMIENTO,AR-776184,Novillo,38,Campo Norte,Campo Norte,Campo Norte,2026-01-07T20:06:22.021030
5fbae9a1-06f6-4f81-be59-54baf1960f96,2026-01-04T03:53:44.122499,ganaderia,ganaderia_event,MUERTE,AR-690304,Novillo,261,Feedlot Central,Baja Sanitaria,Feedlot Central,2026-01-07T20:06:22.021046
e9c7d81c-0e93-4692-8a88-fde60163c40f,2026-01-04T11:49:40.645899,ganaderia,ganaderia_event,NACIMIENTO,AR-750835,Vaca,35,Campo Norte,Campo Norte,Campo Norte,2026-01-07T20:06:22.021063
c75ba540-e787-4a3c-b2fa-e4447e962467,2026-01-07T00:43:50.488457,ganaderia,ganaderia_event,FAENA,AR-642129,Vaca,477,Campo Sur,Mercado Concentrador,Campo Sur,2026-01-07T20:06:22.021083
32c4c4aa-f3a6-4a52-be38-b6acee230a83,2026-01-07T11:24:23.216214,ganaderia,ganaderia_event,FAENA,AR-264994,Vaca,464,Feedlot Central,Cliente Directo,Feedlot Central,2026-01-07T20:06:22.021101
60fc2159-a31d-4c1f-b1af-6d5758c18ca1,2026-01-06T07:02:38.971144,ganaderia,ganaderia_event,VENTA,AR-810366,Vaca,461,Feedlot Central,Mercado Concentrador,Feedlot Central,2026-01-07T20:06:22.021118
9868c4e1-ce76-4713-ab41-14ab3a06d9d3,2026-01-05T19:37:29.587893,ganaderia,ganaderia_event,FAENA,AR-273786,Toro,381,Recría Oeste,Mercado Concentrador,Recría Oeste,2026-01-07T20:06:22.021135
07a0fe74-1766-4686-b03b-9e8bf2d945eb,2026-01-03T17:01:36.249619,ganaderia,ganaderia_event,TRASLADO,AR-990074,Vaquillona,213,Engorde Este,Campo Sur,Campo Sur,2026-01-07T20:06:22.021152
87092e6e-2e51-45ce-88c6-8da4ffd143ab,2026-01-02T20:28:53.961898,ganaderia,ganaderia_event,VENTA,AR-270535,Vaca,408,Recría Oeste,Cliente Directo,Recría Oeste,2026-01-07T20:06:22.021169
c22a0ad4-d0b8-4622-9ddf-4e7dca9d99e5,2026-01-03T15:15:37.793964,ganaderia,ganaderia_event,MUERTE,AR-686424,Vaca,144,Feedlot Central,Baja Sanitaria,Feedlot Central,2026-01-07T20:06:22.021185
f7f9bcaa-f410-4201-8528-119f55dbd7d2,2026-01-06T21:13:58.669970,ganaderia,ganaderia_event,VENTA,AR-403708,Toro,472,Engorde Este,Cliente Directo,Engorde Este,2026-01-07T20:06:22.021202
098bc3a8-314e-42ac-b196-2e28751d0adb,2026-01-02T20:59:00.084610,ganaderia,ganaderia_event,MUERTE,AR-733571,Toro,127,Campo Norte,Baja Sanitaria,Campo Norte,2026-01-07T20:06:22.021218
7de9e8de-4c39-4a3e-a670-2db40909e2b4,2026-01-03T02:01:13.548546,ganaderia,ganaderia_event,TRASLADO,AR-860885,Vaca,144,Campo Norte,Engorde Este,Engorde Este,2026-01-07T20:06:22.021235
89f9367a-fc70-4179-aaf4-eeaca3c7dec1,2026-01-04T17:25:47.583853,ganaderia,ganaderia_event,FAENA,AR-651646,Vaca,451,Recría Oeste,Mercado Concentrador,Recría Oeste,2026-01-07T20:06:22.021252
02ae2e1c-f918-4652-a8b2-1d0369f3f967,2026-01-02T23:30:40.698050,ganaderia,ganaderia_event,FAENA,AR-929368,Vaca,398,Feedlot Central,Mercado Concentrador,Feedlot Central,2026-01-07T20:06:22.021272
1a677b09-79b1-4b44-8baa-fdc599f96c37,2026-01-07T00:27:01.401376,ganaderia,ganaderia_event,FAENA,AR-264125,Vaquillona,385,Feedlot Central,Frigorífico Regional,Feedlot Central,2026-01-07T20:06:22.021291
d5b37174-93cd-4f87-b590-eca4cb8be703,2026-01-03T10:08:20.175180,ganaderia,ganaderia_event,FAENA,AR-722392,Ternero,415,Recría Oeste,Cliente Directo,Recría Oeste,2026-01-07T20:06:22.021309
7be66b0e-e6e6-4bdb-b970-545b6f6994c0,2026-01-02T07:30:37.497809,ganaderia,ganaderia_event,FAENA,AR-173753,Novillo,392,Engorde Este,Mercado Concentrador,Engorde Este,2026-01-07T20:06:22.021326
4c67447f-7f60-4d88-8c11-22d94ea3c794,2026-01-04T22:00:29.814451,ganaderia,ganaderia_event,VENTA,AR-408450,Novillo,468,Campo Norte,Frigorífico Regional,Campo Norte,2026-01-07T20:06:22.021343
d993446a-7bd2-46a2-b484-a555ad43fa74,2026-01-01T17:11:03.811992,ganaderia,ganaderia_event,NACIMIENTO,AR-121368,Toro,32,Engorde Este,Engorde Este,Engorde Este,2026-01-07T20:06:22.021359
d9efa412-2e16-4796-b269-c72a02da0cf8,2026-01-01T12:35:02.748708,ganaderia,ganaderia_event,NACIMIENTO,AR-432536,Novillo,45,Campo Norte,Campo Norte,Campo Norte,2026-01-07T20:06:22.021376
293af49c-3f63-47bb-84df-9b7aecaca778,2026-01-06T10:36:19.492068,ganaderia,ganaderia_event,NACIMIENTO,AR-698050,Vaquillona,35,Campo Sur,Campo Sur,Campo Sur,2026-01-07T20:06:22.021392
1aa1aa9f-7006-4b1f-a8bd-1bb7acd88184,2026-01-01T03:20:45.374273,ganaderia,ganaderia_event,NACIMIENTO,AR-824632,Novillo,41,Recría Oeste,Recría Oeste,Recría Oeste,2026-01-07T20:06:22.021408
4ff68ff7-dba0-439d-bd78-dc4750cdaf65,2026-01-02T03:23:44.674493,ganaderia,ganaderia_event,TRASLADO,AR-517746,Ternero,169,Feedlot Central,Engorde Este,Engorde Este,2026-01-07T20:06:22.021425
f598fa16-4834-4062-8c8b-163301ee9d14,2026-01-03T07:22:15.938395,ganaderia,ganaderia_event,FAENA,AR-429871,Vaca,473,Engorde Este,Cliente Directo,Engorde Este,2026-01-07T20:06:22.021442
79c7a957-44b3-4ad2-9dde-f19c62d9b682,2026-01-01T04:25:03.832992,ganaderia,ganaderia_event,TRASLADO,AR-235055,Ternero,218,Feedlot Central,Recría Oeste,Recría Oeste,2026-01-07T20:06:22.021459
ed1be1d0-23ac-4052-9b6f-063799e6bc79,2026-01-02T03:00:06.704800,ganaderia,ganaderia_event,FAENA,AR-813810,Toro,461,Recría Oeste,Mercado Concentrador,Recría Oeste,2026-01-07T20:06:22.021475
b5c7861c-8606-448e-b9ef-b8f347d9128d,2026-01-03T18:09:16.952385,ganaderia,ganaderia_event,MUERTE,AR-434019,Ternero,240,Engorde Este,Baja Sanitaria,Engorde Este,2026-01-07T20:06:22.021491
7e5f8d41-389e-4f86-8445-4244db3272cd,2026-01-01T21:26:26.556385,ganaderia,ganaderia_event,FAENA,AR-461022,Vaca,474,Feedlot Central,Cliente Directo,Feedlot Central,2026-01-07T20:06:22.021508
8781b873-d69e-4198-bf5c-df9390b5961a,2026-01-05T15:17:06.936316,ganaderia,ganaderia_event,MUERTE,AR-708707,Vaquillona,255,Campo Sur,Baja Sanitaria,Campo Sur,2026-01-07T20:06:22.021524
72d8be9e-476c-4921-be0a-81962d9249f1,2026-01-04T00:35:33.029284,ganaderia,ganaderia_event,TRASLADO,AR-954684,Ternero,120,Recría Oeste,Campo Norte,Campo Norte,2026-01-07T20:06:22.021541
4a329228-738c-41e6-a0e8-a0ff02926d1c,2026-01-02T14:42:50.567274,ganaderia,ganaderia_event,TRASLADO,AR-218286,Toro,191,Campo Norte,Campo Sur,Campo Sur,2026-01-07T20:06:22.021558
9886edef-fb8d-40be-b566-b11f8e697a44,2026-01-06T12:33:27.832187,ganaderia,ganaderia_event,MUERTE,AR-827885,Ternero,360,Campo Norte,Baja Sanitaria,Campo Norte,2026-01-07T20:06:22.021574
242fd9a6-d05b-4321-a452-7ea118435746,2026-01-07T12:57:10.374322,ganaderia,ganaderia_event,NACIMIENTO,AR-847958,Vaquillona,31,Feedlot Central,Feedlot Central,Feedlot Central,2026-01-07T20:06:22.021590
1d12b058-2755-4ff7-958d-8f7ce5f84961,2026-01-01T05:50:52.144045,ganaderia,ganaderia_event,TRASLADO,AR-352451,Novillo,201,Campo Norte,Engorde Este,Engorde Este,2026-01-07T20:06:22.021607
47653399-6762-4475-8e48-926c66a0cea2,2026-01-04T05:28:06.016815,ganaderia,ganaderia_event,NACIMIENTO,AR-908378,Toro,45,Engorde Este,Engorde Este,Engorde Este,2026-01-07T20:06:22.021628
6c9693dc-b426-48a8-b834-035318667828,2026-01-05T07:18:41.628534,ganaderia,ganaderia_event,FAENA,AR-855681,Novillo,501,Engorde Este,Mercado Concentrador,Engorde Este,2026-01-07T20:06:22.021646
6cedfd6b-48f4-4317-82c6-c00f425762ee,2026-01-05T00:54:27.638148,ganaderia,ganaderia_event,FAENA,AR-892753,Vaquillona,467,Feedlot Central,Frigorífico Regional,Feedlot Central,2026-01-07T20:06:22.021663
3d209061-732d-42ab-bbcb-02ea56eb769b,2026-01-06T07:33:28.461827,ganaderia,ganaderia_event,VENTA,AR-207388,Vaquillona,490,Recría Oeste,Frigorífico Regional,Recría Oeste,2026-01-07T20:06:22.021682
b19fb866-835d-4d01-8c93-ea68779827d4,2026-01-05T08:59:12.372676,ganaderia,ganaderia_event,TRASLADO,AR-192841,Ternero,148,Recría Oeste,Campo Sur,Campo Sur,2026-01-07T20:06:22.021706
8e4da96e-fe9c-4b79-a842-67e200d92b23,2026-01-05T16:25:01.820339,ganaderia,ganaderia_event,VENTA,AR-391293,Vaca,504,Campo Sur,Frigorífico Regional,Campo Sur,2026-01-07T20:06:22.021725
08d5a88a-7863-4e2b-9587-8d2e72350104,2026-01-06T05:29:58.642716,ganaderia,ganaderia_event,NACIMIENTO,AR-313633,Vaquillona,30,Engorde Este,Engorde Este,Engorde Este,2026-01-07T20:06:22.021742
b15a3918-1a3f-47fc-b3c4-0c557b24193c,2026-01-04T04:14:11.578369,ganaderia,ganaderia_event,TRASLADO,AR-290112,Vaquillona,176,Feedlot Central,Campo Norte,Campo Norte,2026-01-07T20:06:22.021760
607f535b-b7a8-48da-93c7-ea6c5a8d1002,2026-01-05T07:39:49.633386,ganaderia,ganaderia_event,TRASLADO,AR-601962,Vaca,294,Recría Oeste,Engorde Este,Engorde Este,2026-01-07T20:06:22.021778
cb230abb-be67-4b84-9126-bec39f1ffe18,2026-01-01T23:08:07.589448,ganaderia,ganaderia_event,FAENA,AR-756279,Toro,448,Campo Norte,Mercado Concentrador,Campo Norte,2026-01-07T20:06:22.021795
b90dfce9-93d3-4333-b729-167f9d2bb9cc,2026-01-02T14:10:48.701256,ganaderia,ganaderia_event,FAENA,AR-409366,Vaquillona,466,Feedlot Central,Frigorífico Regional,Feedlot Central,2026-01-07T20:06:22.021812
c6226e2a-1fb7-45f8-bb26-d758eb3894e1,2026-01-01T10:40:52.217102,ganaderia,ganaderia_event,TRASLADO,AR-897813,Novillo,164,Recría Oeste,Feedlot Central,Feedlot Central,2026-01-07T20:06:22.021829
905b0d08-d1e9-48a9-b2ea-834a15712e6f,2026-01-01T11:45:49.925375,ganaderia,ganaderia_event,TRASLADO,AR-596052,Vaca,146,Engorde Este,Campo Sur,Campo Sur,2026-01-07T20:06:22.021847
6db45dab-e2c5-4bfc-a21b-765f64277cf3,2026-01-03T17:40:30.206919,ganaderia,ganaderia_event,FAENA,AR-809489,Ternero,389,Campo Sur,Mercado Concentrador,Campo Sur,2026-01-07T20:06:22.021864
e64628cb-162f-4fc3-bb1d-57cdf0d97c5e,2026-01-05T16:48:17.755551,ganaderia,ganaderia_event,MUERTE,AR-337488,Vaca,186,Campo Sur,Baja Sanitaria,Campo Sur,2026-01-07T20:06:22.021880
a439e98d-8033-47c5-9aa5-fdb42065ece0,2026-01-03T10:01:34.304619,ganaderia,ganaderia_event,TRASLADO,AR-880619,Novillo,173,Campo Sur,Engorde Este,Engorde Este,2026-01-07T20:06:22.021897
cc2c4ec8-68a8-4418-b5d9-66020f60f724,2026-01-05T20:40:42.424323,ganaderia,ganaderia_event,NACIMIENTO,AR-257816,Vaca,45,Engorde Este,Engorde Este,Engorde Este,2026-01-07T20:06:22.021914
0f31e0de-92b5-478e-a815-5c1f3b151481,2026-01-05T20:49:55.699588,ganaderia,ganaderia_event,NACIMIENTO,AR-204182,Ternero,35,Campo Norte,Campo Norte,Campo Norte,2026-01-07T20:06:22.021931
d8d3e8f5-d4da-486d-9fc7-385950dfd401,2026-01-04T05:32:09.644162,ganaderia,ganaderia_event,VENTA,AR-964104,Toro,401,Campo Norte,Frigorífico Regional,Campo Norte,2026-01-07T20:06:22.021948
f59c26c0-6b32-43c0-b02e-8cc2ba95d580,2026-01-02T05:26:29.759122,ganaderia,ganaderia_event,FAENA,AR-461427,Vaca,427,Campo Norte,Mercado Concentrador,Campo Norte,2026-01-07T20:06:22.021965
062b9109-4abc-48c8-a0bb-2dc9fc13dec0,2026-01-07T02:33:42.733530,ganaderia,ganaderia_event,FAENA,AR-280224,Toro,393,Recría Oeste,Frigorífico Regional,Recría Oeste,2026-01-07T20:06:22.021982
7a63acf5-8af0-4ea0-bd82-295b3897f168,2026-01-01T03:55:10.426209,ganaderia,ganaderia_event,FAENA,AR-773555,Vaquillona,509,Recría Oeste,Mercado Concentrador,Recría Oeste,2026-01-07T20:06:22.021999
67b9e1e9-c515-45d6-bda3-a2cb7904b8bc,2026-01-01T04:45:11.585085,ganaderia,ganaderia_event,FAENA,AR-215844,Novillo,383,Engorde Este,Mercado Concentrador,Engorde Este,2026-01-07T20:06:22.022016
f7fd0391-1696-4909-9122-ae2651387d4a,2026-01-05T13:23:54.055494,ganaderia,ganaderia_event,FAENA,AR-971587,Vaquillona,465,Campo Sur,Mercado Concentrador,Campo Sur,2026-01-07T20:06:22.022036
62aca384-9e67-4294-a71a-e14325eafe9a,2026-01-06T08:27:26.480053,ganaderia,ganaderia_event,NACIMIENTO,AR-791119,Vaquillona,38,Engorde Este,Engorde Este,Engorde Este,2026-01-07T20:06:22.022053
d4b72b55-ad5c-4673-93ea-7bd7ea70c805,2026-01-02T04:07:05.538309,ganaderia,ganaderia_event,FAENA,AR-433060,Ternero,490,Recría Oeste,Cliente Directo,Recría Oeste,2026-01-07T20:06:22.022070
557ac53b-c4bb-44e2-a5b1-6e841c08f673,2026-01-05T06:00:51.276988,ganaderia,ganaderia_event,TRASLADO,AR-742457,Vaca,143,Engorde Este,Campo Norte,Campo Norte,2026-01-07T20:06:22.022087
2f6c8da6-c7c1-4803-932d-1a08e7c39054,2026-01-02T00:49:48.988454,ganaderia,ganaderia_event,NACIMIENTO,AR-959415,Vaquillona,39,Campo Sur,Campo Sur,Campo Sur,2026-01-07T20:06:22.022104
6007ba03-76b1-4b3e-bba0-4d0ec01a4bb4,2026-01-07T15:57:55.535036,ganaderia,ganaderia_event,NACIMIENTO,AR-417555,Toro,44,Engorde Este,Engorde Este,Engorde Este,2026-01-07T20:06:22.022120
5a731650-be76-4598-b649-bd2b5f2f3b43,2026-01-07T14:40:59.080148,ganaderia,ganaderia_event,MUERTE,AR-472591,Vaca,81,Feedlot Central,Baja Sanitaria,Feedlot Central,2026-01-07T20:06:22.022137
df80b211-2723-4151-b9d2-528e3faa6397,2026-01-03T19:59:20.599362,ganaderia,ganaderia_event,NACIMIENTO,AR-745134,Toro,44,Campo Norte,Campo Norte,Campo Norte,2026-01-07T20:06:22.022157
f1b67029-2e26-4aa2-a2db-3a419c473ed5,2026-01-07T07:08:33.939411,ganaderia,ganaderia_event,NACIMIENTO,AR-958857,Novillo,44,Campo Norte,Campo Norte,Campo Norte,2026-01-07T20:06:22.022174
07e31f17-3810-4244-afb5-c6de4f482fe0,2026-01-04T14:32:22.747485,ganaderia,ganaderia_event,MUERTE,AR-271863,Novillo,312,Campo Norte,Baja Sanitaria,Campo Norte,2026-01-07T20:06:22.022191
ec8cbfd3-70e7-457c-b648-ba288f4be536,2026-01-02T19:56:45.061773,ganaderia,ganaderia_event,MUERTE,AR-314802,Novillo,257,Campo Sur,Baja Sanitaria,Campo Sur,2026-01-07T20:06:22.022208
8a3278fb-0e28-4bf3-8d35-becd19e987b7,2026-01-04T16:02:33.584724,ganaderia,ganaderia_event,FAENA,AR-461129,Novillo,514,Recría Oeste,Cliente Directo,Recría Oeste,2026-01-07T20:06:22.022225
12e20416-21cc-48d6-91c2-5741f43e92c0,2026-01-06T20:15:05.924777,ganaderia,ganaderia_event,NACIMIENTO,AR-175845,Novillo,38,Recría Oeste,Recría Oeste,Recría Oeste,2026-01-07T20:06:22.022241
088a7afa-7902-4236-9f67-885a78686d6b,2026-01-05T11:58:00.349097,ganaderia,ganaderia_event,FAENA,AR-490001,Ternero,510,Feedlot Central,Frigorífico Regional,Feedlot Central,2026-01-07T20:06:22.022258
2d1afc1a-9ab9-4dc4-8f04-41378e2d4596,2026-01-05T09:46:47.928521,ganaderia,ganaderia_event,FAENA,AR-966773,Vaquillona,485,Engorde Este,Frigorífico Regional,Engorde Este,2026-01-07T20:06:22.022275
25cf8959-d469-4475-bdb3-0c0cf33c6b73,2026-01-05T15:53:40.221615,ganaderia,ganaderia_event,VENTA,AR-814723,Vaca,467,Recría Oeste,Cliente Directo,Recría Oeste,2026-01-07T20:06:22.022291
6cc290fc-dfe3-4509-88cf-b8b0c4797164,2026-01-02T21:35:18.753388,ganaderia,ganaderia_event,MUERTE,AR-362175,Vaca,407,Engorde Este,Baja Sanitaria,Engorde Este,2026-01-07T20:06:22.022308
affaee73-dc5a-47e1-8dc1-add93f2db3e1,2026-01-05T10:04:00.331721,ganaderia,ganaderia_event,MUERTE,AR-690158,Novillo,254,Engorde Este,Baja Sanitaria,Engorde Este,2026-01-07T20:06:22.022324
c8bbbac1-4dcb-4d8d-9e01-61e987031b65,2026-01-06T23:31:49.101898,ganaderia,ganaderia_event,TRASLADO,AR-952071,Vaca,237,Recría Oeste,Feedlot Central,Feedlot Central,2026-01-07T20:06:22.022341
85f98111-b368-43f8-b880-a12a585324ac,2026-01-03T21:12:32.832610,ganaderia,ganaderia_event,FAENA,AR-106458,Novillo,450,Campo Sur,Mercado Concentrador,Campo Sur,2026-01-07T20:06:22.022357
0a65da9b-8fc7-41e9-9e03-0c35b2ab50d8,2026-01-05T14:15:11.799693,ganaderia,ganaderia_event,TRASLADO,AR-649526,Ternero,132,Recría Oeste,Campo Norte,Campo Norte,2026-01-07T20:06:22.022374
df931655-5776-4f05-b731-8c47eb453966,2026-01-03T07:29:02.414096,ganaderia,ganaderia_event,TRASLADO,AR-307943,Vaquillona,200,Feedlot Central,Engorde Este,Engorde Este,2026-01-07T20:06:22.022391
61821458-db9a-4a80-b47f-ce3194b62934,2026-01-01T09:22:21.745625,ganaderia,ganaderia_event,TRASLADO,AR-539478,Toro,171,Feedlot Central,Campo Norte,Campo Norte,2026-01-07T20:06:22.022409
fd85f662-46bd-4282-87c4-25df58307844,2026-01-07T10:17:28.047974,ganaderia,ganaderia_event,FAENA,AR-792435,Vaca,406,Engorde Este,Frigorífico Regional,Engorde Este,2026-01-07T20:06:22.022429
c20d5e92-13f0-4d2b-9408-492379d2d5ba,2026-01-03T13:22:58.999523,ganaderia,ganaderia_event,FAENA,AR-222887,Toro,385,Engorde Este,Mercado Concentrador,Engorde Este,2026-01-07T20:06:22.022447
d5fcc4cd-91be-4b2b-84be-9315556d5ce9,2026-01-07T10:02:52.530222,ganaderia,ganaderia_event,NACIMIENTO,AR-563195,Novillo,37,Engorde Este,Engorde Este,Engorde Este,2026-01-07T20:06:22.022467
00a16a68-e6ee-447b-9eaa-3432e7ca2892,2026-01-02T19:35:37.402218,ganaderia,ganaderia_event,VENTA,AR-879218,Novillo,489,Recría Oeste,Frigorífico Regional,Recría Oeste,2026-01-07T20:06:22.022485
61c35272-2999-457d-839e-b8bc2fcc1a4b,2026-01-04T14:32:26.200085,ganaderia,ganaderia_event,TRASLADO,AR-742253,Vaquillona,129,Campo Sur,Campo Norte,Campo Norte,2026-01-07T20:06:22.022502
1476f770-a9c4-47f8-9348-5e0f5f9fd476,2026-01-06T06:05:47.202677,ganaderia,ganaderia_event,VENTA,AR-863290,Ternero,416,Recría Oeste,Mercado Concentrador,Recría Oeste,2026-01-07T20:06:22.022520
e0028a56-afd1-4007-8c74-dfe18b6526d5,2026-01-05T20:05:39.482460,ganaderia,ganaderia_event,TRASLADO,AR-490180,Vaca,158,Campo Norte,Engorde Este,Engorde Este,2026-01-07T20:06:22.022537
d00bc102-4b23-4f8c-a31f-396f6cf06cde,2026-01-03T02:36:31.274104,ganaderia,ganaderia_event,VENTA,AR-154747,Ternero,434,Engorde Este,Cliente Directo,Engorde Este,2026-01-07T20:06:22.022554
163f12a1-903f-4d1b-a4c8-e409e4b68606,2026-01-01T11:02:04.878708,ganaderia,ganaderia_event,TRASLADO,AR-994406,Vaca,286,Feedlot Central,Campo Norte,Campo Norte,2026-01-07T20:06:22.022571
36b88baa-a045-4b69-b58d-00e9928b9f43,2026-01-05T12:31:58.949080,ganaderia,ganaderia_event,FAENA,AR-856335,Vaquillona,390,Feedlot Central,Frigorífico Regional,Feedlot Central,2026-01-07T20:06:22.022595
fff75e3e-c4e1-454a-9538-a2bb98141e6d,2026-01-02T17:22:06.121409,ganaderia,ganaderia_event,FAENA,AR-689569,Vaquillona,499,Feedlot Central,Frigorífico Regional,Feedlot Central,2026-01-07T20:06:22.022612
a2487ee6-5efb-4595-9312-866663b913d7,2026-01-03T22:10:40.065430,ganaderia,ganaderia_event,NACIMIENTO,AR-132685,Novillo,41,Engorde Este,Engorde Este,Engorde Este,2026-01-07T20:06:22.022629
219ef7fd-f469-4730-ac32-9463d1d08c80,2026-01-04T10:36:27.250264,ganaderia,ganaderia_event,FAENA,AR-879459,Toro,405,Engorde Este,Cliente Directo,Engorde Este,2026-01-07T20:06:22.022645
ce52f77e-b33f-4271-b54f-0a8ce5588f7c,2026-01-02T07:20:41.845268,ganaderia,ganaderia_event,NACIMIENTO,AR-970955,Novillo,45,Campo Sur,Campo Sur,Campo Sur,2026-01-07T20:06:22.022671
34413fff-8c6a-4b3b-8255-6aaad2bb1fcd,2026-01-03T12:57:50.922691,ganaderia,ganaderia_event,VENTA,AR-299997,Ternero,430,Feedlot Central,Mercado Concentrador,Feedlot Central,2026-01-07T20:06:22.022698
77647734-378f-4071-9197-499ca9c2d36f,2026-01-01T06:21:16.257375,ganaderia,ganaderia_event,TRASLADO,AR-789296,Ternero,190,Feedlot Central,Recría Oeste,Recría Oeste,2026-01-07T20:06:22.022721
cd8163fa-d403-4b94-95b8-e41a327af917,2026-01-02T00:37:11.982181,ganaderia,ganaderia_event,VENTA,AR-418995,Ternero,433,Campo Sur,Frigorífico Regional,Campo Sur,2026-01-07T20:06:22.022741
bb45c831-5506-4f35-82e1-1837c8c40dea,2026-01-02T12:09:07.775767,ganaderia,ganaderia_event,FAENA,AR-471646,Toro,461,Campo Sur,Frigorífico Regional,Campo Sur,2026-01-07T20:06:22.022760
3cd8deaf-afe8-4814-833c-0220af0c636c,2026-01-03T16:06:46.180447,ganaderia,ganaderia_event,TRASLADO,AR-509049,Ternero,171,Engorde Este,Recría Oeste,Recría Oeste,2026-01-07T20:06:22.022780
293a24bb-c3b3-4588-bd17-75ca36444d2e,2026-01-01T02:08:54.022652,ganaderia,ganaderia_event,MUERTE,AR-279284,Novillo,442,Engorde Este,Baja Sanitaria,Engorde Este,2026-01-07T20:06:22.022798
b2ee8945-9704-44fe-82ce-c56a8850ff97,2026-01-03T03:11:59.110626,ganaderia,ganaderia_event,NACIMIENTO,AR-799735,Ternero,36,Recría Oeste,Recría Oeste,Recría Oeste,2026-01-07T20:06:22.022816
e30fca18-5655-4dbe-b66d-5742e559b8a6,2026-01-06T05:04:12.793856,ganaderia,ganaderia_event,FAENA,AR-873831,Vaquillona,450,Engorde Este,Frigorífico Regional,Engorde Este,2026-01-07T20:06:22.022834
86e8215b-b8a2-45f5-9b9f-ba2d09e38b8b,2026-01-03T19:40:21.367052,ganaderia,ganaderia_event,TRASLADO,AR-116508,Vaquillona,133,Recría Oeste,Feedlot Central,Feedlot Central,2026-01-07T20:06:22.022852
005faad1-7dde-4994-89fb-f9d5c836a0c1,2026-01-05T15:08:31.125225,ganaderia,ganaderia_event,NACIMIENTO,AR-996253,Ternero,38,Campo Norte,Campo Norte,Campo Norte,2026-01-07T20:06:22.022869
27521be3-fd10-413e-9d10-2dd764d12d0e,2026-01-06T02:56:54.831073,ganaderia,ganaderia_event,TRASLADO,AR-916518,Toro,215,Campo Sur,Feedlot Central,Feedlot Central,2026-01-07T20:06:22.022888
cb051d46-1d57-431c-acdf-ce4941b1db94,2026-01-03T17:04:24.447644,ganaderia,ganaderia_event,MUERTE,AR-160566,Ternero,415,Recría Oeste,Baja Sanitaria,Recría Oeste,2026-01-07T20:06:22.022906
0963eadb-0484-4461-9c63-6e886137406e,2026-01-01T13:56:08.054787,ganaderia,ganaderia_event,NACIMIENTO,AR-169356,Novillo,35,Recría Oeste,Recría Oeste,Recría Oeste,2026-01-07T20:06:22.022923
85fb9113-9670-4cf4-bf09-fb07866166b9,2026-01-04T00:02:50.620335,ganaderia,ganaderia_event,TRASLADO,AR-337753,Vaca,129,Recría Oeste,Feedlot Central,Feedlot Central,2026-01-07T20:06:22.022941
a7a7e243-e46a-4b6b-87af-67739b90d0f1,2026-01-02T16:36:53.371475,ganaderia,ganaderia_event,MUERTE,AR-573619,Vaquillona,192,Feedlot Central,Baja Sanitaria,Feedlot Central,2026-01-07T20:06:22.022957
40b9ce25-e0ab-4805-99c5-e8701304ff23,2026-01-01T05:52:37.633375,ganaderia,ganaderia_event,MUERTE,AR-355845,Vaca,255,Campo Sur,Baja Sanitaria,Campo Sur,2026-01-07T20:06:22.022978
c2872851-7de1-4afd-94fb-4cd882305871,2026-01-04T12:18:15.505450,ganaderia,ganaderia_event,TRASLADO,AR-537321,Novillo,195,Recría Oeste,Engorde Este,Engorde Este,2026-01-07T20:06:22.022997
74b10729-b9a2-445d-830c-b1d5c857ad68,2026-01-07T14:33:20.231563,ganaderia,ganaderia_event,NACIMIENTO,AR-758881,Toro,44,Recría Oeste,Recría Oeste,Recría Oeste,2026-01-07T20:06:22.023014
8d7fa10a-d5aa-442d-83ca-67e13c86310f,2026-01-01T19:32:03.770203,ganaderia,ganaderia_event,NACIMIENTO,AR-451569,Ternero,32,Recría Oeste,Recría Oeste,Recría Oeste,2026-01-07T20:06:22.023032
d7b6da5b-af73-49ff-8c6d-61bfe550b70c,2026-01-01T20:19:02.987630,ganaderia,ganaderia_event,MUERTE,AR-826209,Vaquillona,316,Campo Norte,Baja Sanitaria,Campo Norte,2026-01-07T20:06:22.023048
a66cbae4-100f-4cb5-8b46-e6c4044a14be,2026-01-06T22:06:32.739182,ganaderia,ganaderia_event,TRASLADO,AR-303337,Toro,141,Campo Norte,Campo Sur,Campo Sur,2026-01-07T20:06:22.023065
b6bd9dfa-1f6a-4035-9d32-77ec2fb67b36,2026-01-02T00:13:45.468000,ganaderia,ganaderia_event,VENTA,AR-560223,Vaca,485,Campo Norte,Cliente Directo,Campo Norte,2026-01-07T20:06:22.023087
6c223f80-e67d-4867-afdf-8aa906085342,2026-01-05T08:02:11.345925,ganaderia,ganaderia_event,TRASLADO,AR-203914,Toro,250,Recría Oeste,Campo Sur,Campo Sur,2026-01-07T20:06:22.023106
ddf3a510-01f6-460f-9386-601d02ee9bba,2026-01-01T21:19:25.781024,ganaderia,ganaderia_event,MUERTE,AR-354864,Ternero,110,Engorde Este,Baja Sanitaria,Engorde Este,2026-01-07T20:06:22.023123
8ab62b35-2ca5-4b79-898f-98afa9b54b50,2026-01-01T07:13:56.881786,ganaderia,ganaderia_event,VENTA,AR-192117,Novillo,388,Campo Norte,Frigorífico Regional,Campo Norte,2026-01-07T20:06:22.023140
baaf786f-8337-422b-ab31-a1383874878e,2026-01-03T23:50:52.536686,ganaderia,ganaderia_event,NACIMIENTO,AR-661275,Toro,36,Engorde Este,Engorde Este,Engorde Este,2026-01-07T20:06:22.023157
db18fdb6-6f03-4c36-b0a2-9ad95b11c15b,2026-01-03T11:37:21.772014,ganaderia,ganaderia_event,TRASLADO,AR-924986,Ternero,288,Recría Oeste,Engorde Este,Engorde Este,2026-01-07T20:06:22.023175
7587e4ca-575f-4125-8171-b2b323a7c497,2026-01-01T18:52:12.952726,ganaderia,ganaderia_event,TRASLADO,AR-559515,Vaquillona,136,Feedlot Central,Campo Norte,Campo Norte,2026-01-07T20:06:22.023193
79520f54-4568-4eb1-b2e0-01da8c8fcd9c,2026-01-07T08:38:34.017278,ganaderia,ganaderia_event,FAENA,AR-937215,Ternero,492,Feedlot Central,Frigorífico Regional,Feedlot Central,2026-01-07T20:06:22.023214
6a33b744-41d9-4820-ab5c-4d33b6ef3df8,2026-01-07T11:55:24.750479,ganaderia,ganaderia_event,NACIMIENTO,AR-922912,Ternero,42,Engorde Este,Engorde Este,Engorde Este,2026-01-07T20:06:22.023232
b6869edc-65c1-4c6d-a4fd-5c67c4f943cf,2026-01-03T06:15:56.072712,ganaderia,ganaderia_event,FAENA,AR-310191,Novillo,428,Engorde Este,Frigorífico Regional,Engorde Este,2026-01-07T20:06:22.023249
c8d8b36a-ec85-4953-8a4b-7ca6b83b1131,2026-01-01T17:00:32.251110,ganaderia,ganaderia_event,VENTA,AR-882621,Novillo,411,Engorde Este,Mercado Concentrador,Engorde Este,2026-01-07T20:06:22.023267
1440e898-085b-4f12-aee9-a485f6b590b3,2026-01-05T03:35:32.480845,ganaderia,ganaderia_event,VENTA,AR-926289,Toro,505,Campo Sur,Cliente Directo,Campo Sur,2026-01-07T20:06:22.023284
27658f42-7f49-431b-ad87-14e6ab52f463,2026-01-03T14:52:40.281024,ganaderia,ganaderia_event,TRASLADO,AR-247346,Vaquillona,278,Campo Sur,Feedlot Central,Feedlot Central,2026-01-07T20:06:22.023301
051ad908-8d20-4cfc-8e78-040ffc38a7d6,2026-01-06T06:03:59.039988,ganaderia,ganaderia_event,FAENA,AR-577826,Toro,507,Campo Norte,Cliente Directo,Campo Norte,2026-01-07T20:06:22.023318
c2969d71-6dc9-4521-b7c7-9b7a1e0955aa,2026-01-06T06:02:53.554218,ganaderia,ganaderia_event,MUERTE,AR-265980,Ternero,414,Campo Sur,Baja Sanitaria,Campo Sur,2026-01-07T20:06:22.023334
5ddf9907-3750-456d-bbc0-e6793a05f65c,2026-01-02T01:03:14.164045,ganaderia,ganaderia_event,NACIMIENTO,AR-185374,Ternero,40,Feedlot Central,Feedlot Central,Feedlot Central,2026-01-07T20:06:22.023351
18a586c2-f8f2-4c16-9c55-6fc8ca304ac2,2026-01-01T14:04:05.285880,ganaderia,ganaderia_event,FAENA,AR-258448,Toro,449,Campo Sur,Frigorífico Regional,Campo Sur,2026-01-07T20:06:22.023368
df2a5a62-ec17-4fec-b948-991729fd5b24,2026-01-01T11:02:20.416322,ganaderia,ganaderia_event,MUERTE,AR-252584,Toro,180,Campo Norte,Baja Sanitaria,Campo Norte,2026-01-07T20:06:22.023384
a6075859-90c1-4a8a-bdf8-8d9658726f2c,2026-01-02T04:02:00.838886,ganaderia,ganaderia_event,VENTA,AR-583693,Ternero,417,Engorde Este,Frigorífico Regional,Engorde Este,2026-01-07T20:06:22.023405
a19dce00-b933-40b2-90ce-ae16629d3f18,2026-01-05T16:43:22.805795,ganaderia,ganaderia_event,MUERTE,AR-703577,Vaquillona,435,Feedlot Central,Baja Sanitaria,Feedlot Central,2026-01-07T20:06:22.023423
73b8a590-28f4-49bf-b8c6-d294126a34f1,2026-01-02T16:34:39.427813,ganaderia,ganaderia_event,MUERTE,AR-350578,Novillo,362,Engorde Este,Baja Sanitaria,Engorde Este,2026-01-07T20:06:22.023441
a03dcb98-2220-4b14-9c0e-882c3e69521f,2026-01-07T03:57:00.470117,ganaderia,ganaderia_event,TRASLADO,AR-637730,Ternero,211,Campo Norte,Feedlot Central,Feedlot Central,2026-01-07T20:06:22.023459
a4621ff7-52f6-4450-a0fe-1f14e1ec0461,2026-01-02T17:23:44.992208,ganaderia,ganaderia_event,VENTA,AR-828138,Novillo,408,Campo Norte,Mercado Concentrador,Campo Norte,2026-01-07T20:06:22.023477
3e6f364b-408f-4df7-ae03-d2073542fe80,2026-01-04T11:11:49.219629,ganaderia,ganaderia_event,TRASLADO,AR-864571,Vaca,218,Recría Oeste,Campo Sur,Campo Sur,2026-01-07T20:06:22.023496
7c01d6c3-a1da-48f8-9c15-5f984412652a,2026-01-04T11:09:53.914764,ganaderia,ganaderia_event,FAENA,AR-259892,Novillo,509,Feedlot Central,Mercado Concentrador,Feedlot Central,2026-01-07T20:06:22.023513
57ce07d5-fd0c-4ed8-878d-ddf8be46ca2f,2026-01-01T21:48:18.759290,ganaderia,ganaderia_event,TRASLADO,AR-868690,Ternero,285,Feedlot Central,Recría Oeste,Recría Oeste,2026-01-07T20:06:22.023531
e06be425-f6aa-40a0-ae17-4567cde8342f,2026-01-05T12:36:30.665562,ganaderia,ganaderia_event,MUERTE,AR-446695,Novillo,325,Campo Sur,Baja Sanitaria,Campo Sur,2026-01-07T20:06:22.023553
87ae7cce-fea0-4bf1-9bb0-ffe589489e20,2026-01-06T05:09:13.280514,ganaderia,ganaderia_event,NACIMIENTO,AR-954012,Novillo,41,Feedlot Central,Feedlot Central,Feedlot Central,2026-01-07T20:06:22.023570
5f881f32-a1c6-427d-a40a-177815f27781,2026-01-03T06:55:09.753266,ganaderia,ganaderia_event,VENTA,AR-787776,Toro,479,Recría Oeste,Frigorífico Regional,Recría Oeste,2026-01-07T20:06:22.023587
52e1e0ee-b501-41d3-9061-d022e8aa4a53,2026-01-03T07:02:04.452786,ganaderia,ganaderia_event,FAENA,AR-491998,Ternero,485,Engorde Este,Frigorífico Regional,Engorde Este,2026-01-07T20:06:22.023605
0f6bb262-2292-4555-9505-f804d6812c86,2026-01-03T20:39:53.615143,ganaderia,ganaderia_event,MUERTE,AR-406898,Ternero,412,Recría Oeste,Baja Sanitaria,Recría Oeste,2026-01-07T20:06:22.023622
d6dd6e1a-5294-4a5a-b6a0-a6c6fc5b584c,2026-01-06T19:26:04.585240,ganaderia,ganaderia_event,NACIMIENTO,AR-742475,Vaquillona,38,Engorde Este,Engorde Este,Engorde Este,2026-01-07T20:06:22.023639
7726c0ac-6183-427c-9c73-bf56b300915f,2026-01-01T05:51:49.442021,ganaderia,ganaderia_event,NACIMIENTO,AR-750938,Ternero,39,Campo Sur,Campo Sur,Campo Sur,2026-01-07T20:06:22.023658
5b917fba-2e9a-4c4d-b82f-685a53d5deec,2026-01-06T17:59:41.199059,ganaderia,ganaderia_event,FAENA,AR-607707,Novillo,485,Engorde Este,Cliente Directo,Engorde Este,2026-01-07T20:06:22.023676
05fd2ade-40a3-42e0-a9c0-906295d35aab,2026-01-04T23:17:17.473669,ganaderia,ganaderia_event,NACIMIENTO,AR-483199,Ternero,31,Feedlot Central,Feedlot Central,Feedlot Central,2026-01-07T20:06:22.023692
d130d7f7-421b-4092-9e63-92eec650bd92,2026-01-06T23:56:27.838182,ganaderia,ganaderia_event,FAENA,AR-496165,Novillo,513,Campo Norte,Cliente Directo,Campo Norte,2026-01-07T20:06:22.023710
83a43efc-2162-4a91-b0f7-0c85e90fe44e,2026-01-02T08:05:26.301896,ganaderia,ganaderia_event,FAENA,AR-215648,Vaquillona,407,Feedlot Central,Cliente Directo,Feedlot Central,2026-01-07T20:06:22.023727
96f7c47c-c3d6-4188-93be-861437b02c78,2026-01-06T02:12:55.225486,ganaderia,ganaderia_event,MUERTE,AR-812921,Ternero,68,Campo Norte,Baja Sanitaria,Campo Norte,2026-01-07T20:06:22.023829
2b5d77e8-c3d1-4e6d-9f6e-5bf54856c6d6,2026-01-05T16:44:42.758656,ganaderia,ganaderia_event,NACIMIENTO,AR-446969,Ternero,32,Feedlot Central,Feedlot Central,Feedlot Central,2026-01-07T20:06:22.023855
b4b5a4bf-1dcc-4d67-90d0-9b1c5abef2fc,2026-01-01T20:58:41.717586,ganaderia,ganaderia_event,VENTA,AR-495625,Ternero,508,Campo Sur,Cliente Directo,Campo Sur,2026-01-07T20:06:22.023882
654be7b5-1193-4451-a507-621995d31a43,2026-01-05T20:39:16.317694,ganaderia,ganaderia_event,TRASLADO,AR-791247,Novillo,265,Feedlot Central,Engorde Este,Engorde Este,2026-01-07T20:06:22.023903
4d687a21-56f6-4063-b07c-d043363192a7,2026-01-03T07:10:50.978309,ganaderia,ganaderia_event,FAENA,AR-430758,Toro,479,Campo Sur,Cliente Directo,Campo Sur,2026-01-07T20:06:22.023923
392eab57-bfde-4c18-accd-81481fa51937,2026-01-01T08:44:38.712882,ganaderia,ganaderia_event,MUERTE,AR-774331,Vaca,52,Engorde Este,Baja Sanitaria,Engorde Este,2026-01-07T20:06:22.023940
28074449-2f5d-49b8-860e-0ba5db6a1dbf,2026-01-06T14:20:42.293878,ganaderia,ganaderia_event,FAENA,AR-764669,Novillo,470,Recría Oeste,Cliente Directo,Recría Oeste,2026-01-07T20:06:22.023958
102f5e1a-4be9-442a-9d12-303e76a5e721,2026-01-06T04:45:16.682167,ganaderia,ganaderia_event,MUERTE,AR-748528,Ternero,191,Engorde Este,Baja Sanitaria,Engorde Este,2026-01-07T20:06:22.023975
c3f4ee3a-5bff-4812-af2f-09164ab4bf15,2026-01-02T01:34:18.735381,ganaderia,ganaderia_event,MUERTE,AR-480519,Vaca,169,Campo Norte,Baja Sanitaria,Campo Norte,2026-01-07T20:06:22.023993
a9fcf414-8533-4dd3-9585-db7192f28d2c,2026-01-01T06:48:42.319896,ganaderia,ganaderia_event,FAENA,AR-137029,Novillo,517,Campo Norte,Mercado Concentrador,Campo Norte,2026-01-07T20:06:22.024011
6312a905-b776-47de-8982-1c3683ef1b55,2026-01-05T07:01:50.650717,ganaderia,ganaderia_event,FAENA,AR-454120,Vaquillona,424,Recría Oeste,Cliente Directo,Recría Oeste,2026-01-07T20:06:22.024028
a596d5d9-d4b6-48ed-af25-954dcda17528,2026-01-07T02:22:10.039997,ganaderia,ganaderia_event,FAENA,AR-490338,Vaca,514,Campo Norte,Frigorífico Regional,Campo Norte,2026-01-07T20:06:22.024051
5f00f385-a4a3-40ff-aee3-acc44d5723e2,2026-01-07T08:27:42.147364,ganaderia,ganaderia_event,VENTA,AR-757943,Vaquillona,445,Recría Oeste,Cliente Directo,Recría Oeste,2026-01-07T20:06:22.024070
a82373c6-6445-4b50-b286-17233a801168,2026-01-04T03:45:29.078665,ganaderia,ganaderia_event,NACIMIENTO,AR-854877,Vaquillona,37,Campo Norte,Campo Norte,Campo Norte,2026-01-07T20:06:22.024092
98a0e918-c312-4b32-8f1d-9b1f287a61b6,2026-01-01T12:52:53.792994,ganaderia,ganaderia_event,FAENA,AR-672250,Ternero,441,Campo Norte,Mercado Concentrador,Campo Norte,2026-01-07T20:06:22.024112
470cd3a1-24a4-4900-8f1e-7f439d288e52,2026-01-05T13:11:55.431651,ganaderia,ganaderia_event,TRASLADO,AR-898771,Ternero,263,Campo Sur,Campo Norte,Campo Norte,2026-01-07T20:06:22.024136
e3685d62-d70c-44d4-b874-39edfd727575,2026-01-03T13:26:09.646801,ganaderia,ganaderia_event,NACIMIENTO,AR-625512,Novillo,35,Engorde Este,Engorde Este,Engorde Este,2026-01-07T20:06:22.024155
25a37975-bb45-4a08-94b9-7b8b19a93f94,2026-01-06T09:40:58.875216,ganaderia,ganaderia_event,MUERTE,AR-737572,Ternero,264,Campo Sur,Baja Sanitaria,Campo Sur,2026-01-07T20:06:22.024173
de984e8d-a0b5-464b-91d1-1318c7559464,2026-01-04T19:06:53.464069,ganaderia,ganaderia_event,TRASLADO,AR-737081,Ternero,288,Engorde Este,Recría Oeste,Recría Oeste,2026-01-07T20:06:22.024194
78df8094-c6d5-40cd-81aa-64393a181b99,2026-01-01T21:17:16.946050,ganaderia,ganaderia_event,TRASLADO,AR-841328,Toro,156,Feedlot Central,Campo Norte,Campo Norte,2026-01-07T20:06:22.024213
2100d82c-c64d-4c83-92c0-374cf6a2dbcb,2026-01-01T02:06:33.326935,ganaderia,ganaderia_event,NACIMIENTO,AR-119438,Ternero,36,Engorde Este,Engorde Este,Engorde Este,2026-01-07T20:06:22.024230
4e8cb08f-172b-4248-a0df-7192659d2942,2026-01-04T20:53:28.537183,ganaderia,ganaderia_event,FAENA,AR-776329,Novillo,516,Feedlot Central,Mercado Concentrador,Feedlot Central,2026-01-07T20:06:22.024247
b6446b13-d09f-416d-a895-d26b18ff417f,2026-01-06T13:38:43.759797,ganaderia,ganaderia_event,TRASLADO,AR-580956,Vaquillona,145,Feedlot Central,Campo Norte,Campo Norte,2026-01-07T20:06:22.024266
e335d72e-fc52-4ccc-a981-3a4d10742865,2026-01-06T09:49:04.362367,ganaderia,ganaderia_event,NACIMIENTO,AR-645807,Vaca,30,Campo Norte,Campo Norte,Campo Norte,2026-01-07T20:06:22.024282
f457ae4b-3331-4760-a6dd-191ff3312353,2026-01-03T11:09:00.461264,ganaderia,ganaderia_event,MUERTE,AR-412423,Vaca,375,Campo Sur,Baja Sanitaria,Campo Sur,2026-01-07T20:06:22.024299
479726de-7409-4a1c-b47b-7e7bd92ef7b9,2026-01-06T17:31:19.923953,ganaderia,ganaderia_event,TRASLADO,AR-382729,Ternero,171,Engorde Este,Campo Norte,Campo Norte,2026-01-07T20:06:22.024317
ae9274f7-4633-4603-94aa-4e91ce50b35e,2026-01-05T17:04:12.900495,ganaderia,ganaderia_event,MUERTE,AR-739797,Vaca,321,Feedlot Central,Baja Sanitaria,Feedlot Central,2026-01-07T20:06:22.024335
19c9640e-0008-42e5-ac8f-c1685887831c,2026-01-07T14:58:53.079079,ganaderia,ganaderia_event,VENTA,AR-881173,Novillo,465,Campo Sur,Cliente Directo,Campo Sur,2026-01-07T20:06:22.024353
5ce60a23-d5b9-4af5-855f-6875ca3d1513,2026-01-05T16:11:08.855177,ganaderia,ganaderia_event,NACIMIENTO,AR-549222,Toro,33,Campo Norte,Campo Norte,Campo Norte,2026-01-07T20:06:22.024370
f94a4aba-c907-44df-958a-b4f86addf163,2026-01-07T11:35:43.944950,ganaderia,ganaderia_event,NACIMIENTO,AR-794469,Novillo,35,Feedlot Central,Feedlot Central,Feedlot Central,2026-01-07T20:06:22.024387
05485064-6f10-41f1-b9ce-d9c58b64adec,2026-01-02T01:23:24.406937,ganaderia,ganaderia_event,FAENA,AR-903896,Vaca,396,Campo Sur,Mercado Concentrador,Campo Sur,2026-01-07T20:06:22.024405
3f3e348c-c0ca-41e6-86ea-53d63c169155,2026-01-05T19:46:14.201604,ganaderia,ganaderia_event,NACIMIENTO,AR-224250,Ternero,30,Campo Norte,Campo Norte,Campo Norte,2026-01-07T20:06:22.024443
2934dacb-a11f-4e8f-a1fa-cc3230ae6186,2026-01-06T14:44:43.663494,ganaderia,ganaderia_event,VENTA,AR-912856,Toro,420,Campo Sur,Mercado Concentrador,Campo Sur,2026-01-07T20:06:22.024466
d9029626-e11f-4c14-a98c-9254e8c1df6a,2026-01-02T14:57:11.257285,ganaderia,ganaderia_event,TRASLADO,AR-828947,Vaquillona,154,Campo Norte,Recría Oeste,Recría Oeste,2026-01-07T20:06:22.024486
aafe014b-2339-475b-83ce-b2b97753a99f,2026-01-06T18:19:54.689893,ganaderia,ganaderia_event,MUERTE,AR-257948,Ternero,188,Feedlot Central,Baja Sanitaria,Feedlot Central,2026-01-07T20:06:22.024508
d98dfb97-5ff6-4145-8af4-81f892749e56,2026-01-06T18:04:14.743146,ganaderia,ganaderia_event,VENTA,AR-391890,Vaquillona,393,Recría Oeste,Cliente Directo,Recría Oeste,2026-01-07T20:06:22.024527
120d77a0-e5f3-4b6b-83c3-cbfcf2ff5a57,2026-01-02T08:48:57.509609,ganaderia,ganaderia_event,FAENA,AR-490706,Vaquillona,455,Feedlot Central,Frigorífico Regional,Feedlot Central,2026-01-07T20:06:22.024545
8906c848-7fd4-4ca7-818f-7f88ded743ac,2026-01-07T15:53:15.605981,ganaderia,ganaderia_event,MUERTE,AR-712346,Ternero,243,Campo Sur,Baja Sanitaria,Campo Sur,2026-01-07T20:06:22.024563
f95d1777-6e56-472c-baf9-99a0c698f352,2026-01-03T00:34:24.143956,ganaderia,ganaderia_event,FAENA,AR-320363,Vaquillona,421,Engorde Este,Cliente Directo,Engorde Este,2026-01-07T20:06:22.024581
815f52a8-0841-4b4e-8ed3-5b12942b4fcb,2026-01-01T09:54:03.126101,ganaderia,ganaderia_event,MUERTE,AR-145207,Vaquillona,371,Campo Sur,Baja Sanitaria,Campo Sur,2026-01-07T20:06:22.024598
7cfbeccf-8cbb-4448-b56c-8d165666b52f,2026-01-06T02:45:59.397652,ganaderia,ganaderia_event,FAENA,AR-241758,Ternero,496,Feedlot Central,Cliente Directo,Feedlot Central,2026-01-07T20:06:22.024619
48a06142-528a-4bf6-8d62-4327af098215,2026-01-04T12:47:56.501908,ganaderia,ganaderia_event,NACIMIENTO,AR-754781,Toro,44,Campo Sur,Campo Sur,Campo Sur,2026-01-07T20:06:22.024637
0669b635-a5e2-400c-a071-68a9e5ebdda0,2026-01-06T10:19:07.283755,ganaderia,ganaderia_event,TRASLADO,AR-534739,Ternero,247,Campo Sur,Feedlot Central,Feedlot Central,2026-01-07T20:06:22.024655
98c48632-67ed-46ce-8b11-da22d288194b,2026-01-02T09:20:45.987608,ganaderia,ganaderia_event,NACIMIENTO,AR-145033,Ternero,34,Campo Sur,Campo Sur,Campo Sur,2026-01-07T20:06:22.024672
2c169ed0-ef73-4f31-95fa-d0de40ced232,2026-01-06T17:54:44.203864,ganaderia,ganaderia_event,FAENA,AR-355599,Toro,423,Engorde Este,Cliente Directo,Engorde Este,2026-01-07T20:06:22.024689
ae66a5f6-7fbb-4efd-b35f-fcbbefcab8f3,2026-01-05T12:11:13.717296,ganaderia,ganaderia_event,TRASLADO,AR-976749,Vaquillona,291,Campo Sur,Recría Oeste,Recría Oeste,2026-01-07T20:06:22.024706
fab31fb2-0f2b-4aa0-ba92-aae976c3a2f5,2026-01-01T15:03:32.179311,ganaderia,ganaderia_event,MUERTE,AR-565026,Vaquillona,407,Engorde Este,Baja Sanitaria,Engorde Este,2026-01-07T20:06:22.024724
6f0ca8e5-2449-43c5-b720-3527cb7b077a,2026-01-01T10:57:13.771595,ganaderia,ganaderia_event,VENTA,AR-620977,Vaquillona,465,Campo Norte,Frigorífico Regional,Campo Norte,2026-01-07T20:06:22.024741
3db6898a-53bb-4696-b347-cd37b0292506,2026-01-06T17:21:23.950506,ganaderia,ganaderia_event,FAENA,AR-783028,Toro,433,Engorde Este,Frigorífico Regional,Engorde Este,2026-01-07T20:06:22.024757
8c405cd5-90c8-4fc4-a3de-36cb8b1366c9,2026-01-07T00:18:59.124907,ganaderia,ganaderia_event,VENTA,AR-527478,Toro,386,Campo Norte,Frigorífico Regional,Campo Norte,2026-01-07T20:06:22.024774
8a245ced-e0de-4a6b-8faf-5638133d0de7,2026-01-05T08:38:54.619498,ganaderia,ganaderia_event,VENTA,AR-548639,Novillo,403,Feedlot Central,Mercado Concentrador,Feedlot Central,2026-01-07T20:06:22.024794
7023a389-ec49-4d6f-ba55-8b418be8a9f0,2026-01-05T11:52:42.607079,ganaderia,ganaderia_event,VENTA,AR-772269,Vaca,478,Recría Oeste,Cliente Directo,Recría Oeste,2026-01-07T20:06:22.024812
fc2bac89-e193-4c17-a230-1d982c9b88df,2026-01-04T08:30:34.518311,ganaderia,ganaderia_event,VENTA,AR-147751,Vaquillona,473,Recría Oeste,Mercado Concentrador,Recría Oeste,2026-01-07T20:06:22.024831
9df2d26c-102a-4841-927d-351852122c62,2026-01-03T07:28:02.545236,ganaderia,ganaderia_event,NACIMIENTO,AR-424772,Ternero,38,Campo Sur,Campo Sur,Campo Sur,2026-01-07T20:06:22.024848
f3cbe41b-c8bc-4575-ab8f-a57caf5d7125,2026-01-06T09:53:35.961301,ganaderia,ganaderia_event,MUERTE,AR-840486,Ternero,175,Campo Sur,Baja Sanitaria,Campo Sur,2026-01-07T20:06:22.024866
64d0be56-8b63-4f65-ae86-cf3d15740a15,2026-01-06T09:48:51.791678,ganaderia,ganaderia_event,TRASLADO,AR-635187,Vaquillona,297,Recría Oeste,Campo Sur,Campo Sur,2026-01-07T20:06:22.024884
678e7bfa-5b9a-431e-9fa2-8854f930b234,2026-01-05T09:58:45.277428,ganaderia,ganaderia_event,VENTA,AR-986858,Vaquillona,418,Engorde Este,Mercado Concentrador,Engorde Este,2026-01-07T20:06:22.024905
58f61143-011b-4395-989c-5fdd0e819ad7,2026-01-06T19:16:15.811086,ganaderia,ganaderia_event,FAENA,AR-119104,Ternero,499,Campo Sur,Mercado Concentrador,Campo Sur,2026-01-07T20:06:22.024924
8d4f1490-1b79-4589-86fe-0f135f120c0a,2026-01-01T15:32:36.500510,ganaderia,ganaderia_event,VENTA,AR-320609,Vaca,442,Recría Oeste,Mercado Concentrador,Recría Oeste,2026-01-07T20:06:22.024941
90d2527d-42b3-45ff-93e8-a6f97439a3f2,2026-01-04T04:31:14.492057,ganaderia,ganaderia_event,MUERTE,AR-411978,Vaquillona,133,Feedlot Central,Baja Sanitaria,Feedlot Central,2026-01-07T20:06:22.024958
90b7e2c5-30ed-44f7-b648-8677a1d50ecc,2026-01-05T02:19:57.210463,ganaderia,ganaderia_event,MUERTE,AR-372117,Vaca,256,Feedlot Central,Baja Sanitaria,Feedlot Central,2026-01-07T20:06:22.024975
6ac34965-50be-4f67-a0a6-2687c6b04f53,2026-01-07T12:50:09.843193,ganaderia,ganaderia_event,MUERTE,AR-989949,Vaquillona,79,Campo Norte,Baja Sanitaria,Campo Norte,2026-01-07T20:06:22.024992
3dd548d0-48b5-478a-b307-e72b6243c2ae,2026-01-02T00:31:01.840005,ganaderia,ganaderia_event,NACIMIENTO,AR-671552,Vaquillona,33,Campo Sur,Campo Sur,Campo Sur,2026-01-07T20:06:22.025009
