event_id,event_timestamp,unidad_negocio,tipo_evento,tipo_movimiento,insumo,categoria,cantidad,unidad_medida,origen,destino,sucursal,created_at
b3de0c5c-1ecf-44bd-a14c-3719ca4afb61,2026-01-06T19:35:06.342713,insumos,insumo_movement,VENTA,Urea,Fertilizante,1780,kg,9 de Julio,Productor Rivero,9 de Julio,2026-01-07T20:05:06.674133
0346e104-d719-4021-a11e-991d35f2e26e,2026-01-02T14:19:00.522118,insumos,insumo_movement,COMPRA,Urea,Fertilizante,19802,kg,Importador Regional,Santa Rosa,Santa Rosa,2026-01-07T20:05:06.674165
7ce9dd48-ba07-4b9b-ae78-485343e7dbdf,2026-01-06T07:09:00.065396,insumos,insumo_movement,VENTA,MAP,Fertilizante,1531,kg,Santa Rosa,Productor Perez,Santa Rosa,2026-01-07T20:05:06.674205
e311f117-769a-4d2c-9316-be0c5324846b,2026-01-05T05:59:17.537154,insumos,insumo_movement,TRANSFERENCIA,MAP,Fertilizante,2349,kg,Bahía Blanca,Santa Rosa,Santa Rosa,2026-01-07T20:05:06.674234
d2f70e36-f296-44bf-99bc-61c661d66595,2026-01-04T13:30:55.269111,insumos,insumo_movement,VENTA,Soja RR,Semilla,4964,bolsas,Bahía Blanca,Productor Lopez,Bahía Blanca,2026-01-07T20:05:06.674267
6138588c-7aa0-42de-bdbf-56efab4d1f0a,2026-01-03T01:46:17.238688,insumos,insumo_movement,VENTA,Maíz híbrido,Semilla,2064,bolsas,Santa Rosa,Productor Alvarez,Santa Rosa,2026-01-07T20:05:06.674298
630b91da-bd52-4558-b256-9a49cd97c85b,2026-01-06T16:30:15.282092,insumos,insumo_movement,VENTA,MAP,Fertilizante,1208,kg,Bahía Blanca,Productor Figueroa,Bahía Blanca,2026-01-07T20:05:06.674328
cc1a8997-7e0b-4254-ae36-315bd54e8c6b,2026-01-07T13:56:28.081161,insumos,insumo_movement,TRANSFERENCIA,Maíz híbrido,Semilla,6411,bolsas,Pergamino,Trenque Lauquen,Trenque Lauquen,2026-01-07T20:05:06.674349
0f1d239a-e1c5-4f29-b9cd-03392355e879,2026-01-06T08:05:33.279473,insumos,insumo_movement,VENTA,Maíz híbrido,Semilla,4812,bolsas,9 de Julio,Productor Soto,9 de Julio,2026-01-07T20:05:06.674378
2276c34c-ba1b-4542-953b-832d50cc527f,2026-01-03T18:43:30.224350,insumos,insumo_movement,COMPRA,MAP,Fertilizante,7685,kg,Proveedor Nacional,Santa Rosa,Santa Rosa,2026-01-07T20:05:06.674399
44db15dd-2a20-418f-93a3-eb939121a585,2026-01-05T11:01:15.474221,insumos,insumo_movement,COMPRA,MAP,Fertilizante,20231,kg,Importador Regional,Pergamino,Pergamino,2026-01-07T20:05:06.674418
8916002f-533b-4f8a-9743-849afdbd4765,2026-01-04T04:10:25.138791,insumos,insumo_movement,VENTA,Urea,Fertilizante,2498,kg,Bahía Blanca,Productor Gomez,Bahía Blanca,2026-01-07T20:05:06.674447
fbfba952-e0ff-4edf-b9f4-dbd9067b0c9d,2026-01-06T08:25:16.672016,insumos,insumo_movement,VENTA,Soja RR,Semilla,1286,bolsas,Santa Rosa,Productor Suarez,Santa Rosa,2026-01-07T20:05:06.674476
84f24eb6-0268-48ef-a6cb-f1b57778518e,2026-01-02T12:09:15.930047,insumos,insumo_movement,VENTA,Urea,Fertilizante,4902,kg,Pergamino,Productor Ortiz,Pergamino,2026-01-07T20:05:06.674506
facad357-ee60-4b05-9dd1-61c837e93e9d,2026-01-07T07:22:07.026438,insumos,insumo_movement,COMPRA,Maíz híbrido,Semilla,21211,bolsas,Proveedor Nacional,Bahía Blanca,Bahía Blanca,2026-01-07T20:05:06.674528
bb69ca85-0b4f-4b50-9443-cc18551f87b4,2026-01-04T19:29:55.018484,insumos,insumo_movement,COMPRA,Urea,Fertilizante,6917,kg,Importador Regional,Pergamino,Pergamino,2026-01-07T20:05:06.674547
cc4f0b50-28ab-4d4b-b2a3-d2fc05d1104f,2026-01-01T19:07:56.072079,insumos,insumo_movement,COMPRA,Soja RR,Semilla,22089,bolsas,Fabricante Directo,9 de Julio,9 de Julio,2026-01-07T20:05:06.674567
ef3d0ca0-e5a2-45a4-a7f4-f5cf79dd21ca,2026-01-05T19:32:01.012277,insumos,insumo_movement,COMPRA,Soja RR,Semilla,13626,bolsas,Proveedor Nacional,Trenque Lauquen,Trenque Lauquen,2026-01-07T20:05:06.674587
f93b4e8d-7408-4eb3-9a8d-1e05bef42db3,2026-01-07T03:08:16.918400,insumos,insumo_movement,COMPRA,"2,4-D",Agroquímico,7641,lt,Importador Regional,Santa Rosa,Santa Rosa,2026-01-07T20:05:06.674605
de9731aa-656c-4971-8a13-cfadffc02efa,2026-01-07T16:13:58.136722,insumos,insumo_movement,COMPRA,"2,4-D",Agroquímico,9555,lt,Importador Regional,Pergamino,Pergamino,2026-01-07T20:05:06.674623
4796929f-871d-40da-add5-6536437aadde,2026-01-05T05:18:57.836544,insumos,insumo_movement,VENTA,MAP,Fertilizante,781,kg,Santa Rosa,Productor Ruiz,Santa Rosa,2026-01-07T20:05:06.674656
1c4cb00a-3526-43fe-a0bd-32a3b3a326df,2026-01-07T01:49:46.077298,insumos,insumo_movement,VENTA,"2,4-D",Agroquímico,4875,lt,9 de Julio,Productor Cabrera,9 de Julio,2026-01-07T20:05:06.674684
b5e2a616-2ea4-4e49-bd26-d1d2b0ee139e,2026-01-01T19:14:21.304405,insumos,insumo_movement,COMPRA,Soja RR,Semilla,19168,bolsas,Proveedor Nacional,9 de Julio,9 de Julio,2026-01-07T20:05:06.674704
0c5f406a-59a3-4ac8-9b14-756803d0eb4e,2026-01-05T23:07:15.811115,insumos,insumo_movement,TRANSFERENCIA,Urea,Fertilizante,3726,kg,9 de Julio,Bahía Blanca,Bahía Blanca,2026-01-07T20:05:06.674723
1f0a605d-101b-47e9-93c4-ab408707e6f6,2026-01-06T01:25:07.127593,insumos,insumo_movement,TRANSFERENCIA,Urea,Fertilizante,2750,kg,Santa Rosa,Trenque Lauquen,Trenque Lauquen,2026-01-07T20:05:06.674743
d7a7be87-0da4-4b09-86be-462dd00d7964,2026-01-01T10:00:00.993547,insumos,insumo_movement,COMPRA,Urea,Fertilizante,22042,kg,Proveedor Nacional,Bahía Blanca,Bahía Blanca,2026-01-07T20:05:06.674762
3073f475-a291-44dd-8f7e-43aa57fd88ff,2026-01-06T07:46:52.366361,insumos,insumo_movement,TRANSFERENCIA,MAP,Fertilizante,1973,kg,Bahía Blanca,Trenque Lauquen,Trenque Lauquen,2026-01-07T20:05:06.674781
4bd934d4-58e6-41fd-b059-33503d07bf04,2026-01-05T21:54:58.366644,insumos,insumo_movement,COMPRA,"2,4-D",Agroquímico,24776,lt,Proveedor Nacional,Pergamino,Pergamino,2026-01-07T20:05:06.674802
bb3f8174-a97f-4d70-ae1f-f5c367edab96,2026-01-05T21:46:49.506408,insumos,insumo_movement,TRANSFERENCIA,"2,4-D",Agroquímico,6950,lt,Pergamino,Bahía Blanca,Bahía Blanca,2026-01-07T20:05:06.674822
d1490874-8e39-4776-b891-b9e8e7f7d042,2026-01-04T01:05:06.563248,insumos,insumo_movement,COMPRA,Maíz híbrido,Semilla,9397,bolsas,Proveedor Nacional,Trenque Lauquen,Trenque Lauquen,2026-01-07T20:05:06.674840
80d4d5d6-68e2-4dc3-9d9c-f4f729068400,2026-01-04T01:07:44.879968,insumos,insumo_movement,VENTA,Maíz híbrido,Semilla,855,bolsas,Trenque Lauquen,Productor Mansilla,Trenque Lauquen,2026-01-07T20:05:06.674868
796adc16-28ae-4fc8-bf08-c0ff48fdcfb7,2026-01-01T21:12:54.492383,insumos,insumo_movement,VENTA,Glifosato,Agroquímico,666,lt,Trenque Lauquen,Productor Franco,Trenque Lauquen,2026-01-07T20:05:06.674896
bb9d2e28-315c-467d-9bbe-bca7b9494e7a,2026-01-03T12:23:07.489737,insumos,insumo_movement,VENTA,Glifosato,Agroquímico,1658,lt,Santa Rosa,Productor Acosta,Santa Rosa,2026-01-07T20:05:06.674923
47bc3dd9-4136-4551-9622-53c88cfde08c,2026-01-06T20:24:23.653790,insumos,insumo_movement,COMPRA,MAP,Fertilizante,5740,kg,Proveedor Nacional,Santa Rosa,Santa Rosa,2026-01-07T20:05:06.674942
ba991bbb-0bb5-4c34-a610-14c0faf60e1c,2026-01-01T07:33:57.269151,insumos,insumo_movement,TRANSFERENCIA,MAP,Fertilizante,5887,kg,9 de Julio,Pergamino,Pergamino,2026-01-07T20:05:06.674960
fee82144-b65e-41d4-a5c3-63d57608b9cc,2026-01-05T18:10:38.999960,insumos,insumo_movement,COMPRA,Soja RR,Semilla,24341,bolsas,Fabricante Directo,Bahía Blanca,Bahía Blanca,2026-01-07T20:05:06.674978
7498b910-13b0-4914-8b87-5a21aef6d26d,2026-01-06T06:16:30.264093,insumos,insumo_movement,VENTA,Glifosato,Agroquímico,2921,lt,Pergamino,Productor Alvarez,Pergamino,2026-01-07T20:05:06.675004
3844c6fe-8fbe-46b8-98d9-8afca0d0061a,2026-01-03T02:46:56.719667,insumos,insumo_movement,TRANSFERENCIA,Urea,Fertilizante,3710,kg,Santa Rosa,9 de Julio,9 de Julio,2026-01-07T20:05:06.675023
80c4252c-269e-40a4-a6c2-2e09ed6483d1,2026-01-03T06:29:43.590601,insumos,insumo_movement,COMPRA,"2,4-D",Agroquímico,16435,lt,Proveedor Nacional,Pergamino,Pergamino,2026-01-07T20:05:06.675041
921e02e3-72c7-4d4d-abbd-f3e7131f7db7,2026-01-02T11:50:21.212081,insumos,insumo_movement,VENTA,Urea,Fertilizante,2256,kg,Pergamino,Productor Perez,Pergamino,2026-01-07T20:05:06.675067
f3eed775-ab14-4ebf-980f-f89a6ea03c00,2026-01-01T19:46:45.898406,insumos,insumo_movement,TRANSFERENCIA,"2,4-D",Agroquímico,3429,lt,Santa Rosa,9 de Julio,9 de Julio,2026-01-07T20:05:06.675086
e66a2c01-e6be-408a-9938-add352539fc7,2026-01-02T01:09:03.350888,insumos,insumo_movement,VENTA,"2,4-D",Agroquímico,3378,lt,Trenque Lauquen,Productor Gonzalez,Trenque Lauquen,2026-01-07T20:05:06.675117
cd9ad93a-fc7b-4b18-80e1-0d1d8329f72f,2026-01-04T19:30:46.292575,insumos,insumo_movement,COMPRA,MAP,Fertilizante,10837,kg,Proveedor Nacional,Trenque Lauquen,Trenque Lauquen,2026-01-07T20:05:06.675136
11a4565c-68f2-41ae-93f7-456228f10fa8,2026-01-06T10:27:20.947372,insumos,insumo_movement,TRANSFERENCIA,Soja RR,Semilla,3885,bolsas,Santa Rosa,Bahía Blanca,Bahía Blanca,2026-01-07T20:05:06.675160
3925d485-b116-457a-a926-4d93f85e6b16,2026-01-02T04:25:37.180174,insumos,insumo_movement,VENTA,Glifosato,Agroquímico,2052,lt,Pergamino,Productor Ojeda,Pergamino,2026-01-07T20:05:06.675188
bb4604a3-533f-419b-80d4-d0279ef8d735,2026-01-01T00:19:48.176437,insumos,insumo_movement,VENTA,"2,4-D",Agroquímico,2795,lt,Bahía Blanca,Productor Diaz,Bahía Blanca,2026-01-07T20:05:06.675220
cb6e754f-7d5a-4826-878b-4c114a1a6796,2026-01-03T17:53:31.288875,insumos,insumo_movement,TRANSFERENCIA,Soja RR,Semilla,780,bolsas,Trenque Lauquen,Bahía Blanca,Bahía Blanca,2026-01-07T20:05:06.675240
0459dfb2-9875-4ef1-8480-16d6f5a8654f,2026-01-04T15:53:07.984706,insumos,insumo_movement,COMPRA,Glifosato,Agroquímico,5547,lt,Importador Regional,Trenque Lauquen,Trenque Lauquen,2026-01-07T20:05:06.675259
78a09323-cb9e-4f4c-8773-837256c9bf65,2026-01-07T10:28:51.498695,insumos,insumo_movement,VENTA,"2,4-D",Agroquímico,3897,lt,Trenque Lauquen,Productor Gimenez,Trenque Lauquen,2026-01-07T20:05:06.675286
78de90f8-c244-49ca-9316-234f41d22fa5,2026-01-05T16:27:28.745458,insumos,insumo_movement,VENTA,Soja RR,Semilla,2560,bolsas,9 de Julio,Productor Ruiz,9 de Julio,2026-01-07T20:05:06.675314
ee1a692b-dc3d-4be4-8792-6268ccf88c4c,2026-01-07T00:14:04.634717,insumos,insumo_movement,VENTA,Glifosato,Agroquímico,305,lt,Trenque Lauquen,Productor Soria,Trenque Lauquen,2026-01-07T20:05:06.675341
babd5bf1-9742-4515-9be7-90c418ead60a,2026-01-02T14:20:03.927189,insumos,insumo_movement,TRANSFERENCIA,Glifosato,Agroquímico,3419,lt,Pergamino,Santa Rosa,Santa Rosa,2026-01-07T20:05:06.675361
39291dfd-b02e-40b9-950f-83d47ff27713,2026-01-05T04:09:15.445112,insumos,insumo_movement,COMPRA,Maíz híbrido,Semilla,24000,bolsas,Fabricante Directo,9 de Julio,9 de Julio,2026-01-07T20:05:06.675380
adfd10e5-296b-4893-a17e-775d64e941fe,2026-01-05T13:42:31.569523,insumos,insumo_movement,COMPRA,MAP,Fertilizante,20425,kg,Proveedor Nacional,9 de Julio,9 de Julio,2026-01-07T20:05:06.675398
a2ceb3c6-5f9d-48f2-be61-efd5f945e6a8,2026-01-04T08:39:30.023503,insumos,insumo_movement,TRANSFERENCIA,Soja RR,Semilla,2381,bolsas,Pergamino,Santa Rosa,Santa Rosa,2026-01-07T20:05:06.675416
4ef9a63c-4c0a-41ec-963d-70558ff446bc,2026-01-04T05:15:50.613374,insumos,insumo_movement,VENTA,"2,4-D",Agroquímico,4310,lt,9 de Julio,Productor Rodriguez,9 de Julio,2026-01-07T20:05:06.675443
483088ac-6ebc-463e-babf-634a3a80377f,2026-01-06T07:36:05.278502,insumos,insumo_movement,COMPRA,Maíz híbrido,Semilla,7128,bolsas,Importador Regional,9 de Julio,9 de Julio,2026-01-07T20:05:06.675462
84c3be76-c75c-4988-ad7b-8a549213d550,2026-01-07T08:43:25.018455,insumos,insumo_movement,TRANSFERENCIA,Urea,Fertilizante,7698,kg,Trenque Lauquen,9 de Julio,9 de Julio,2026-01-07T20:05:06.675481
32be94b5-bd81-45fc-8de9-bca085954ad2,2026-01-03T16:50:02.844448,insumos,insumo_movement,TRANSFERENCIA,Urea,Fertilizante,818,kg,Pergamino,9 de Julio,9 de Julio,2026-01-07T20:05:06.675500
e3021eeb-092f-4f0b-8516-c565d584253c,2026-01-06T23:26:10.730531,insumos,insumo_movement,VENTA,Glifosato,Agroquímico,916,lt,Trenque Lauquen,Productor Perez,Trenque Lauquen,2026-01-07T20:05:06.675526
1b103b88-c59f-49a9-b5d8-dcc0b1ca369e,2026-01-01T10:59:39.943096,insumos,insumo_movement,COMPRA,Soja RR,Semilla,7714,bolsas,Fabricante Directo,Trenque Lauquen,Trenque Lauquen,2026-01-07T20:05:06.675546
135ece4e-f08c-48f0-b15c-2e3605bbea20,2026-01-05T19:38:41.800061,insumos,insumo_movement,VENTA,"2,4-D",Agroquímico,1092,lt,Pergamino,Productor Ramos,Pergamino,2026-01-07T20:05:06.675573
de652f2f-62d4-4c41-b95f-e1a2ec41dcc1,2026-01-05T16:47:44.506755,insumos,insumo_movement,TRANSFERENCIA,Soja RR,Semilla,6755,bolsas,Trenque Lauquen,9 de Julio,9 de Julio,2026-01-07T20:05:06.675593
e9696970-2309-4269-993d-d5eb405aba6b,2026-01-05T20:13:54.746972,insumos,insumo_movement,COMPRA,Maíz híbrido,Semilla,4201,bolsas,Importador Regional,9 de Julio,9 de Julio,2026-01-07T20:05:06.675610
de4e1a96-f6aa-488c-a9bb-eafe4b9dfbcc,2026-01-02T00:26:10.307414,insumos,insumo_movement,TRANSFERENCIA,MAP,Fertilizante,2271,kg,Trenque Lauquen,Santa Rosa,Santa Rosa,2026-01-07T20:05:06.675633
283666be-aa94-430e-a90f-df3b4a570e3f,2026-01-05T17:42:16.974771,insumos,insumo_movement,COMPRA,MAP,Fertilizante,24491,kg,Proveedor Nacional,Bahía Blanca,Bahía Blanca,2026-01-07T20:05:06.675652
794500ae-4a33-4246-aa7f-f231312c5138,2026-01-02T14:35:07.414456,insumos,insumo_movement,COMPRA,Maíz híbrido,Semilla,5206,bolsas,Proveedor Nacional,Trenque Lauquen,Trenque Lauquen,2026-01-07T20:05:06.675671
ec849b23-b2ad-48b2-b70b-2fd843fac2ca,2026-01-07T04:32:28.209598,insumos,insumo_movement,TRANSFERENCIA,Urea,Fertilizante,3592,kg,9 de Julio,Trenque Lauquen,Trenque Lauquen,2026-01-07T20:05:06.675702
f2367808-9d64-4601-ae5a-dbda27c2a829,2026-01-06T21:05:31.577654,insumos,insumo_movement,COMPRA,MAP,Fertilizante,18610,kg,Fabricante Directo,Santa Rosa,Santa Rosa,2026-01-07T20:05:06.675722
130f1a51-1464-45f9-adb4-647f5ab50311,2026-01-02T03:51:26.777435,insumos,insumo_movement,TRANSFERENCIA,Glifosato,Agroquímico,3677,lt,9 de Julio,Bahía Blanca,Bahía Blanca,2026-01-07T20:05:06.675742
daf7c297-16b3-4a8b-8342-cd050a116c32,2026-01-02T02:23:16.068445,insumos,insumo_movement,COMPRA,Soja RR,Semilla,19090,bolsas,Proveedor Nacional,9 de Julio,9 de Julio,2026-01-07T20:05:06.675761
89bbebd5-8069-43a8-a1f7-04de032bae67,2026-01-03T14:11:22.500034,insumos,insumo_movement,TRANSFERENCIA,MAP,Fertilizante,6799,kg,Trenque Lauquen,Pergamino,Pergamino,2026-01-07T20:05:06.675780
95111091-90fa-4789-9fb6-aef99a60f285,2026-01-05T10:55:54.016485,insumos,insumo_movement,COMPRA,"2,4-D",Agroquímico,4159,lt,Importador Regional,Santa Rosa,Santa Rosa,2026-01-07T20:05:06.675798
405f8918-a32b-405c-b43e-fa9f084198dd,2026-01-05T03:36:47.431208,insumos,insumo_movement,TRANSFERENCIA,Maíz híbrido,Semilla,7956,bolsas,Bahía Blanca,Pergamino,Pergamino,2026-01-07T20:05:06.675816
ab509007-f7f4-409c-9293-5d29ca95df7c,2026-01-06T14:05:10.949409,insumos,insumo_movement,TRANSFERENCIA,MAP,Fertilizante,1469,kg,Pergamino,Trenque Lauquen,Trenque Lauquen,2026-01-07T20:05:06.675833
1f080804-aad5-487a-a26b-dfee4d236689,2026-01-05T13:46:46.063463,insumos,insumo_movement,VENTA,Maíz híbrido,Semilla,1345,bolsas,Pergamino,Productor Morales,Pergamino,2026-01-07T20:05:06.675861
089066d9-379e-401a-b470-807efe6cf8b5,2026-01-07T01:08:31.574827,insumos,insumo_movement,TRANSFERENCIA,Urea,Fertilizante,2212,kg,Bahía Blanca,9 de Julio,9 de Julio,2026-01-07T20:05:06.675882
5c322492-6acd-41a8-86b6-102c84372eef,2026-01-07T13:27:16.635864,insumos,insumo_movement,VENTA,Soja RR,Semilla,3120,bolsas,Pergamino,Productor Fernandez,Pergamino,2026-01-07T20:05:06.675909
77dc131e-6af5-4407-9545-d8d617318029,2026-01-03T03:29:06.550539,insumos,insumo_movement,TRANSFERENCIA,Glifosato,Agroquímico,6674,lt,Trenque Lauquen,9 de Julio,9 de Julio,2026-01-07T20:05:06.675929
dceec818-c897-455c-a5b1-7271db8e5767,2026-01-06T03:19:40.803746,insumos,insumo_movement,VENTA,MAP,Fertilizante,898,kg,Bahía Blanca,Productor Soto,Bahía Blanca,2026-01-07T20:05:06.675956
b360f412-0bb3-4660-a67e-b216f5169093,2026-01-05T00:37:34.665369,insumos,insumo_movement,TRANSFERENCIA,Maíz híbrido,Semilla,6865,bolsas,Bahía Blanca,Pergamino,Pergamino,2026-01-07T20:05:06.675976
5c0b71ca-1760-4968-8dab-95937b8056d0,2026-01-02T15:48:20.958884,insumos,insumo_movement,COMPRA,Maíz híbrido,Semilla,4047,bolsas,Fabricante Directo,Santa Rosa,Santa Rosa,2026-01-07T20:05:06.675993
37761a62-55ee-4203-b601-b181b86262b4,2026-01-01T13:03:31.891697,insumos,insumo_movement,TRANSFERENCIA,Glifosato,Agroquímico,7059,lt,Bahía Blanca,Pergamino,Pergamino,2026-01-07T20:05:06.676011
a9087525-3e38-4fad-b375-36b3e04d1d59,2026-01-04T19:00:25.430285,insumos,insumo_movement,VENTA,Glifosato,Agroquímico,2835,lt,Bahía Blanca,Productor Mendez,Bahía Blanca,2026-01-07T20:05:06.676043
463e2d4d-b12c-46af-ba80-14a8cd95c503,2026-01-02T06:10:22.882222,insumos,insumo_movement,TRANSFERENCIA,Glifosato,Agroquímico,3676,lt,Trenque Lauquen,9 de Julio,9 de Julio,2026-01-07T20:05:06.676064
6e20dc8b-ce4e-4bf0-b173-c3b0c110cbfe,2026-01-02T22:02:00.098117,insumos,insumo_movement,COMPRA,Urea,Fertilizante,20590,kg,Importador Regional,Pergamino,Pergamino,2026-01-07T20:05:06.676083
ddc1bd92-9c31-43c9-a159-d22ff772402b,2026-01-02T05:41:08.629671,insumos,insumo_movement,COMPRA,Urea,Fertilizante,22006,kg,Importador Regional,Santa Rosa,Santa Rosa,2026-01-07T20:05:06.676101
9fe9d4b6-8035-4376-8666-06616cf9ccca,2026-01-02T19:17:12.789709,insumos,insumo_movement,TRANSFERENCIA,Maíz híbrido,Semilla,7041,bolsas,Bahía Blanca,9 de Julio,9 de Julio,2026-01-07T20:05:06.676120
85ca4419-4a72-49a6-aaf4-4bcd5a45e26c,2026-01-07T02:41:38.128304,insumos,insumo_movement,COMPRA,MAP,Fertilizante,17187,kg,Proveedor Nacional,Santa Rosa,Santa Rosa,2026-01-07T20:05:06.676137
6c9f049e-edd8-4fd1-a9fc-52baec4ea48a,2026-01-07T10:23:51.476262,insumos,insumo_movement,VENTA,"2,4-D",Agroquímico,2783,lt,Bahía Blanca,Productor Ortiz,Bahía Blanca,2026-01-07T20:05:06.676164
0c836c3f-7fcd-4d6e-bb7b-28aec2fa43db,2026-01-02T18:20:56.081376,insumos,insumo_movement,COMPRA,Soja RR,Semilla,1076,bolsas,Importador Regional,Trenque Lauquen,Trenque Lauquen,2026-01-07T20:05:06.676184
509e564f-696a-473f-aa1b-5ab61a72d90a,2026-01-06T22:13:38.055305,insumos,insumo_movement,TRANSFERENCIA,MAP,Fertilizante,2503,kg,Santa Rosa,9 de Julio,9 de Julio,2026-01-07T20:05:06.676208
c7f46a61-3e0b-4860-948f-d0022e6eebfa,2026-01-05T15:14:27.589874,insumos,insumo_movement,TRANSFERENCIA,MAP,Fertilizante,2719,kg,Trenque Lauquen,Santa Rosa,Santa Rosa,2026-01-07T20:05:06.676227
28569d9a-de03-42e1-9abc-741235b4c139,2026-01-05T21:39:23.556853,insumos,insumo_movement,TRANSFERENCIA,"2,4-D",Agroquímico,648,lt,9 de Julio,Trenque Lauquen,Trenque Lauquen,2026-01-07T20:05:06.676246
a6c012c7-5c55-455a-b7d1-a733a2527c8e,2026-01-01T04:43:40.016224,insumos,insumo_movement,TRANSFERENCIA,Soja RR,Semilla,4951,bolsas,Pergamino,Bahía Blanca,Bahía Blanca,2026-01-07T20:05:06.676264
915447ab-90b5-4dc3-a712-9e9e60638afc,2026-01-04T22:01:25.193528,insumos,insumo_movement,VENTA,Urea,Fertilizante,4675,kg,Bahía Blanca,Productor Lopez,Bahía Blanca,2026-01-07T20:05:06.676291
ffcb51e0-7ca9-4436-9ac2-cf8d20eafa79,2026-01-07T06:58:26.675200,insumos,insumo_movement,COMPRA,MAP,Fertilizante,17025,kg,Importador Regional,Pergamino,Pergamino,2026-01-07T20:05:06.676311
e0a11b93-4266-484f-98e8-b1143ee509f8,2026-01-03T19:23:31.582141,insumos,insumo_movement,COMPRA,Soja RR,Semilla,23606,bolsas,Importador Regional,Trenque Lauquen,Trenque Lauquen,2026-01-07T20:05:06.676329
3ceb7b57-ac93-4182-bfb1-ff88838dbf19,2026-01-03T13:12:00.262526,insumos,insumo_movement,TRANSFERENCIA,"2,4-D",Agroquímico,5246,lt,Bahía Blanca,Trenque Lauquen,Trenque Lauquen,2026-01-07T20:05:06.676347
663604d2-f13b-4c00-a0cd-06beb42f5ac3,2026-01-01T16:09:03.976176,insumos,insumo_movement,VENTA,Urea,Fertilizante,3973,kg,Trenque Lauquen,Productor Martinez,Trenque Lauquen,2026-01-07T20:05:06.676374
01fb52f2-2b94-44dd-b5fd-4dde3ad69d45,2026-01-03T16:43:29.683643,insumos,insumo_movement,VENTA,"2,4-D",Agroquímico,2114,lt,Trenque Lauquen,Productor Rodriguez,Trenque Lauquen,2026-01-07T20:05:06.676415
d1aa9dc1-3239-4113-9ac8-64321c1966ea,2026-01-03T15:10:14.557317,insumos,insumo_movement,VENTA,MAP,Fertilizante,1005,kg,Trenque Lauquen,Productor Figueroa,Trenque Lauquen,2026-01-07T20:05:06.676444
49a08e73-885f-4d72-9e8d-e48c960d8ed4,2026-01-01T20:15:37.677127,insumos,insumo_movement,TRANSFERENCIA,"2,4-D",Agroquímico,1813,lt,Bahía Blanca,Trenque Lauquen,Trenque Lauquen,2026-01-07T20:05:06.676465
5b31eab6-d721-445a-a0d2-bebfc4e5a51f,2026-01-02T21:44:28.754292,insumos,insumo_movement,VENTA,Soja RR,Semilla,4430,bolsas,Trenque Lauquen,Productor Pereyra,Trenque Lauquen,2026-01-07T20:05:06.676493
c7985a56-57cd-44af-9ccd-a2c27d8222c8,2026-01-06T17:01:55.370764,insumos,insumo_movement,TRANSFERENCIA,Glifosato,Agroquímico,3024,lt,Santa Rosa,Trenque Lauquen,Trenque Lauquen,2026-01-07T20:05:06.676514
082c88b3-5684-4f58-bf6a-735141455ff3,2026-01-03T00:27:03.915554,insumos,insumo_movement,TRANSFERENCIA,Maíz híbrido,Semilla,4818,bolsas,Santa Rosa,Pergamino,Pergamino,2026-01-07T20:05:06.676533
9427e038-d8c3-4ecb-b1ee-3bc1f2cd7cad,2026-01-06T20:58:37.359421,insumos,insumo_movement,COMPRA,MAP,Fertilizante,13851,kg,Importador Regional,Bahía Blanca,Bahía Blanca,2026-01-07T20:05:06.676551
65247791-ba83-4a06-acef-6219783649c0,2026-01-03T19:50:49.613808,insumos,insumo_movement,VENTA,Glifosato,Agroquímico,670,lt,Trenque Lauquen,Productor Luna,Trenque Lauquen,2026-01-07T20:05:06.676577
69a6ab6b-820f-4e1a-bff5-b3dd948b4dc0,2026-01-02T17:04:28.967811,insumos,insumo_movement,COMPRA,"2,4-D",Agroquímico,2801,lt,Fabricante Directo,Bahía Blanca,Bahía Blanca,2026-01-07T20:05:06.676596
8b255bd2-24b4-43a3-b42b-0bc0a4bc131e,2026-01-04T11:11:01.710362,insumos,insumo_movement,TRANSFERENCIA,Glifosato,Agroquímico,5060,lt,9 de Julio,Bahía Blanca,Bahía Blanca,2026-01-07T20:05:06.676615
f859e6f2-1851-4fbe-8c95-776ab6037b57,2026-01-04T22:45:38.188636,insumos,insumo_movement,TRANSFERENCIA,MAP,Fertilizante,3295,kg,Santa Rosa,9 de Julio,9 de Julio,2026-01-07T20:05:06.676633
b2c2f1fd-2d51-4159-b2c0-c17059b64383,2026-01-01T07:32:00.966033,insumos,insumo_movement,VENTA,Glifosato,Agroquímico,4487,lt,Bahía Blanca,Productor Garcia,Bahía Blanca,2026-01-07T20:05:06.676660
144ab4fc-4d8f-4a04-ad59-cb36e06d2001,2026-01-02T01:01:57.452367,insumos,insumo_movement,VENTA,MAP,Fertilizante,4441,kg,Trenque Lauquen,Productor Villalba,Trenque Lauquen,2026-01-07T20:05:06.676687
5a89608f-1cbd-49b3-b705-77f8ba99df66,2026-01-04T11:30:31.473466,insumos,insumo_movement,TRANSFERENCIA,MAP,Fertilizante,2818,kg,Pergamino,Trenque Lauquen,Trenque Lauquen,2026-01-07T20:05:06.676706
ab4351b5-7615-4b9d-adad-85fbef3c1e6a,2026-01-01T15:42:51.049199,insumos,insumo_movement,TRANSFERENCIA,"2,4-D",Agroquímico,7721,lt,Bahía Blanca,Santa Rosa,Santa Rosa,2026-01-07T20:05:06.676730
24c5ed16-cc01-4e62-aba6-5374f3468e9a,2026-01-05T09:17:01.246812,insumos,insumo_movement,COMPRA,MAP,Fertilizante,2255,kg,Proveedor Nacional,Trenque Lauquen,Trenque Lauquen,2026-01-07T20:05:06.676748
f5a3ffaa-7417-4c51-a9de-7873de0ac5ba,2026-01-02T17:54:32.243010,insumos,insumo_movement,VENTA,Soja RR,Semilla,2649,bolsas,Bahía Blanca,Productor Nuñez,Bahía Blanca,2026-01-07T20:05:06.676775
4b976488-7e4c-4025-9b9e-074b701ccd0f,2026-01-03T12:44:30.088416,insumos,insumo_movement,VENTA,Glifosato,Agroquímico,1787,lt,Santa Rosa,Productor Sanchez,Santa Rosa,2026-01-07T20:05:06.676802
f6bf3c0a-d31a-4d3b-a8cc-a7bc9518e0ba,2026-01-05T06:25:39.271293,insumos,insumo_movement,VENTA,Soja RR,Semilla,2682,bolsas,Pergamino,Productor Acosta,Pergamino,2026-01-07T20:05:06.676829
b129a222-0737-49b4-b557-9d989621c18a,2026-01-04T00:07:06.209088,insumos,insumo_movement,VENTA,Maíz híbrido,Semilla,1487,bolsas,Santa Rosa,Productor Ortiz,Santa Rosa,2026-01-07T20:05:06.676855
aa270f82-e742-4d82-b809-4c629e91909e,2026-01-06T05:19:08.669693,insumos,insumo_movement,COMPRA,"2,4-D",Agroquímico,8439,lt,Importador Regional,9 de Julio,9 de Julio,2026-01-07T20:05:06.676874
63095e5f-7225-420d-af86-e04504837971,2026-01-02T18:11:25.296569,insumos,insumo_movement,VENTA,Maíz híbrido,Semilla,3974,bolsas,Pergamino,Productor Ramirez,Pergamino,2026-01-07T20:05:06.676904
c2e868d4-8fc2-4768-b681-f30a7133bb14,2026-01-02T06:25:44.288904,insumos,insumo_movement,COMPRA,Glifosato,Agroquímico,18722,lt,Proveedor Nacional,Santa Rosa,Santa Rosa,2026-01-07T20:05:06.676923
7ed562b2-5bb1-4fde-adc3-034d0f4399fa,2026-01-05T11:19:31.541382,insumos,insumo_movement,TRANSFERENCIA,Maíz híbrido,Semilla,3910,bolsas,Bahía Blanca,Trenque Lauquen,Trenque Lauquen,2026-01-07T20:05:06.676942
4c826369-1597-4946-a775-9cbcb68f3540,2026-01-04T03:24:28.091877,insumos,insumo_movement,COMPRA,"2,4-D",Agroquímico,8331,lt,Proveedor Nacional,Bahía Blanca,Bahía Blanca,2026-01-07T20:05:06.676959
c25757fa-9027-4702-9982-b520cc56f38a,2026-01-04T22:03:33.290372,insumos,insumo_movement,COMPRA,MAP,Fertilizante,22283,kg,Proveedor Nacional,Bahía Blanca,Bahía Blanca,2026-01-07T20:05:06.676980
6bf503a2-f4b7-4b78-a63d-4983f277bc96,2026-01-06T16:45:58.911856,insumos,insumo_movement,TRANSFERENCIA,Glifosato,Agroquímico,1918,lt,Santa Rosa,Pergamino,Pergamino,2026-01-07T20:05:06.676999
b31a7495-4da0-467c-b30d-d69c37031c5f,2026-01-03T13:12:53.186743,insumos,insumo_movement,TRANSFERENCIA,Soja RR,Semilla,1596,bolsas,Pergamino,Santa Rosa,Santa Rosa,2026-01-07T20:05:06.677017
2ef7dfa5-a941-4d7f-bc13-4eb8727925ee,2026-01-05T12:00:11.610547,insumos,insumo_movement,COMPRA,MAP,Fertilizante,2974,kg,Fabricante Directo,Bahía Blanca,Bahía Blanca,2026-01-07T20:05:06.677034
d5832e89-2510-44d9-a26b-f19e5de63a69,2026-01-03T20:31:08.223750,insumos,insumo_movement,TRANSFERENCIA,MAP,Fertilizante,631,kg,Bahía Blanca,Pergamino,Pergamino,2026-01-07T20:05:06.677052
0dab1b9b-5e48-436f-b680-650d35e8c246,2026-01-07T17:02:27.307239,insumos,insumo_movement,TRANSFERENCIA,Glifosato,Agroquímico,7143,lt,Trenque Lauquen,Santa Rosa,Santa Rosa,2026-01-07T20:05:06.677070
bf5ed971-96d2-4884-a94f-c498bc4b43c3,2026-01-07T12:39:58.730372,insumos,insumo_movement,TRANSFERENCIA,Soja RR,Semilla,3145,bolsas,Bahía Blanca,Trenque Lauquen,Trenque Lauquen,2026-01-07T20:05:06.677087
b24795c8-3b5d-4ad9-9e92-003c73f866df,2026-01-06T02:21:47.497962,insumos,insumo_movement,COMPRA,Soja RR,Semilla,9981,bolsas,Importador Regional,Santa Rosa,Santa Rosa,2026-01-07T20:05:06.677104
65d6aa40-d6d7-4f74-8ec2-e39e95070b8c,2026-01-04T19:36:13.111258,insumos,insumo_movement,TRANSFERENCIA,Maíz híbrido,Semilla,1431,bolsas,Trenque Lauquen,9 de Julio,9 de Julio,2026-01-07T20:05:06.677121
d9eeb472-6ccc-4593-972e-8460e08fc6a6,2026-01-03T17:15:37.607689,insumos,insumo_movement,COMPRA,Soja RR,Semilla,2870,bolsas,Importador Regional,Santa Rosa,Santa Rosa,2026-01-07T20:05:06.677138
2fffaa55-fdd5-4783-9820-61ac388771a5,2026-01-03T11:46:03.596850,insumos,insumo_movement,TRANSFERENCIA,"2,4-D",Agroquímico,832,lt,Santa Rosa,9 de Julio,9 de Julio,2026-01-07T20:05:06.677155
b5900f36-2373-4b20-89b2-04a50c09cfd5,2026-01-02T00:01:16.594615,insumos,insumo_movement,VENTA,Soja RR,Semilla,632,bolsas,Santa Rosa,Productor Moyano,Santa Rosa,2026-01-07T20:05:06.677181
a9860ef0-2d37-4c51-b528-b6d6021df59d,2026-01-07T16:46:12.193112,insumos,insumo_movement,VENTA,"2,4-D",Agroquímico,1288,lt,Pergamino,Productor Cabrera,Pergamino,2026-01-07T20:05:06.677212
e79e18fb-2631-440b-a0bc-796a266eee65,2026-01-05T10:20:39.161776,insumos,insumo_movement,TRANSFERENCIA,MAP,Fertilizante,4738,kg,Bahía Blanca,Pergamino,Pergamino,2026-01-07T20:05:06.677233
9c905369-d97c-4f1b-8010-40fba0c500c6,2026-01-03T21:41:29.065341,insumos,insumo_movement,VENTA,Soja RR,Semilla,1189,bolsas,Trenque Lauquen,Productor Paz,Trenque Lauquen,2026-01-07T20:05:06.677260
ea0af672-6cbd-4d13-ad4d-30873b22a780,2026-01-04T20:55:53.432098,insumos,insumo_movement,VENTA,MAP,Fertilizante,4514,kg,9 de Julio,Productor Juarez,9 de Julio,2026-01-07T20:05:06.677287
a955ef9e-19e5-490c-8191-4e3494f6ebb1,2026-01-06T03:52:00.426269,insumos,insumo_movement,VENTA,Urea,Fertilizante,3060,kg,Santa Rosa,Productor Godoy,Santa Rosa,2026-01-07T20:05:06.677314
acec1f39-c682-401e-bc86-9506d81d06fb,2026-01-01T15:32:12.487643,insumos,insumo_movement,COMPRA,MAP,Fertilizante,18244,kg,Importador Regional,Santa Rosa,Santa Rosa,2026-01-07T20:05:06.677332
ff4147ef-3d30-4387-b951-7c2e997a17ee,2026-01-07T13:22:01.397235,insumos,insumo_movement,VENTA,Urea,Fertilizante,1683,kg,Pergamino,Productor Rodriguez,Pergamino,2026-01-07T20:05:06.677357
54dc28c0-f019-43c1-a911-f4cb84104afa,2026-01-07T06:46:59.747206,insumos,insumo_movement,VENTA,Urea,Fertilizante,1813,kg,Trenque Lauquen,Productor Gonzalez,Trenque Lauquen,2026-01-07T20:05:06.677384
1bafb2b7-7f0e-4ca4-9db2-64aaad618c9f,2026-01-01T18:10:09.846186,insumos,insumo_movement,VENTA,MAP,Fertilizante,2378,kg,Pergamino,Productor Bustos,Pergamino,2026-01-07T20:05:06.677410
1c3ede38-241a-47ca-b4d5-34c8ba3cb4b1,2026-01-05T11:21:22.891648,insumos,insumo_movement,COMPRA,"2,4-D",Agroquímico,5446,lt,Fabricante Directo,Pergamino,Pergamino,2026-01-07T20:05:06.677551
3ecfbbb9-970e-44d7-bbbf-e60900cd544d,2026-01-04T05:01:44.380633,insumos,insumo_movement,COMPRA,"2,4-D",Agroquímico,24036,lt,Fabricante Directo,9 de Julio,9 de Julio,2026-01-07T20:05:06.677591
ae370e9d-9337-4cc6-93bd-9edcf471b9f2,2026-01-03T22:00:44.873669,insumos,insumo_movement,VENTA,Glifosato,Agroquímico,1267,lt,Pergamino,Productor Martinez,Pergamino,2026-01-07T20:05:06.677639
cbfe5f5f-e698-45bc-9bab-18c27e274f13,2026-01-01T15:00:32.570838,insumos,insumo_movement,COMPRA,MAP,Fertilizante,10790,kg,Importador Regional,Bahía Blanca,Bahía Blanca,2026-01-07T20:05:06.677671
b5cd8215-4469-4e03-bd44-ea67535874a6,2026-01-01T02:08:47.594993,insumos,insumo_movement,TRANSFERENCIA,"2,4-D",Agroquímico,7988,lt,Bahía Blanca,Pergamino,Pergamino,2026-01-07T20:05:06.677699
16b85d58-fc9c-4d95-9565-8df579890bf5,2026-01-05T22:48:33.708206,insumos,insumo_movement,VENTA,Glifosato,Agroquímico,1787,lt,Trenque Lauquen,Productor Leiva,Trenque Lauquen,2026-01-07T20:05:06.677739
739a620c-5869-4789-ba10-4c79848757b4,2026-01-05T07:30:10.919797,insumos,insumo_movement,COMPRA,Maíz híbrido,Semilla,5534,bolsas,Fabricante Directo,Trenque Lauquen,Trenque Lauquen,2026-01-07T20:05:06.677767
be95ecce-8dfd-434c-a7b1-465aaee9f083,2026-01-06T09:06:19.884153,insumos,insumo_movement,VENTA,Soja RR,Semilla,967,bolsas,Pergamino,Productor Rojas,Pergamino,2026-01-07T20:05:06.677803
503814e1-debe-4b37-9629-aca0c16747fc,2026-01-06T22:49:01.008544,insumos,insumo_movement,VENTA,"2,4-D",Agroquímico,2568,lt,9 de Julio,Productor Villalba,9 de Julio,2026-01-07T20:05:06.677839
084c9be4-47c5-4f93-bdf6-887a249dffcd,2026-01-05T07:37:35.655199,insumos,insumo_movement,COMPRA,Maíz híbrido,Semilla,9720,bolsas,Proveedor Nacional,Pergamino,Pergamino,2026-01-07T20:05:06.677880
c918577c-1e0d-4346-93e2-476ab9753608,2026-01-03T03:02:52.218403,insumos,insumo_movement,VENTA,"2,4-D",Agroquímico,2966,lt,Santa Rosa,Productor Vega,Santa Rosa,2026-01-07T20:05:06.677921
95237dbb-43c8-4ebe-ba5e-85787d8aa3c8,2026-01-02T12:16:56.150766,insumos,insumo_movement,VENTA,"2,4-D",Agroquímico,4150,lt,Pergamino,Productor Bustos,Pergamino,2026-01-07T20:05:06.677967
cf393917-d0c6-4eb1-9498-96ed100e8d94,2026-01-04T02:47:34.576372,insumos,insumo_movement,COMPRA,Maíz híbrido,Semilla,23409,bolsas,Fabricante Directo,Trenque Lauquen,Trenque Lauquen,2026-01-07T20:05:06.677994
5d252cdd-74b5-4acf-b55d-4f0a0d7db7d4,2026-01-03T08:27:27.812038,insumos,insumo_movement,COMPRA,Urea,Fertilizante,16628,kg,Fabricante Directo,Trenque Lauquen,Trenque Lauquen,2026-01-07T20:05:06.678023
d40b2bc7-94da-4ee9-8759-3b2d6fea62a9,2026-01-05T13:17:36.916577,insumos,insumo_movement,VENTA,Soja RR,Semilla,3414,bolsas,Santa Rosa,Productor Godoy,Santa Rosa,2026-01-07T20:05:06.678057
c136836f-f0a7-4474-8cbf-d98edf3e84a6,2026-01-06T17:45:13.344107,insumos,insumo_movement,TRANSFERENCIA,"2,4-D",Agroquímico,941,lt,9 de Julio,Santa Rosa,Santa Rosa,2026-01-07T20:05:06.678083
f806d16c-88e6-454f-a6a4-f0fbde706252,2026-01-06T19:55:33.423193,insumos,insumo_movement,VENTA,Maíz híbrido,Semilla,2798,bolsas,9 de Julio,Productor Perez,9 de Julio,2026-01-07T20:05:06.678117
8fd5e478-7802-46e5-8c8f-3cf1f32cd57b,2026-01-06T20:13:35.772587,insumos,insumo_movement,COMPRA,Maíz híbrido,Semilla,14601,bolsas,Proveedor Nacional,Bahía Blanca,Bahía Blanca,2026-01-07T20:05:06.678142
9a1bbd59-eac4-447f-bd90-9e16c692a5ba,2026-01-04T17:03:47.015757,insumos,insumo_movement,TRANSFERENCIA,MAP,Fertilizante,7567,kg,Trenque Lauquen,Bahía Blanca,Bahía Blanca,2026-01-07T20:05:06.678166
94f91cbd-b301-40dd-8aa1-bb246f407988,2026-01-04T17:02:22.028044,insumos,insumo_movement,TRANSFERENCIA,Soja RR,Semilla,2331,bolsas,9 de Julio,Pergamino,Pergamino,2026-01-07T20:05:06.678188
cc6c27ff-42af-4795-80ab-e0de6ce0d40b,2026-01-06T15:36:15.386635,insumos,insumo_movement,VENTA,MAP,Fertilizante,1800,kg,Pergamino,Productor Gimenez,Pergamino,2026-01-07T20:05:06.678215
c52da22d-bc1b-4b0d-a362-16e7e9365cf5,2026-01-03T04:42:48.486628,insumos,insumo_movement,TRANSFERENCIA,MAP,Fertilizante,3949,kg,Santa Rosa,Bahía Blanca,Bahía Blanca,2026-01-07T20:05:06.678235
2d3becf4-3964-454c-a3c8-e1b8c6ec424c,2026-01-01T02:41:57.932640,insumos,insumo_movement,TRANSFERENCIA,Glifosato,Agroquímico,3960,lt,Bahía Blanca,9 de Julio,9 de Julio,2026-01-07T20:05:06.678259
79966652-380d-475f-8e21-f4bf46fc4d35,2026-01-03T09:46:44.946124,insumos,insumo_movement,COMPRA,Glifosato,Agroquímico,5510,lt,Importador Regional,9 de Julio,9 de Julio,2026-01-07T20:05:06.678279
88f9ae77-d036-43d2-aef0-cddf1934d054,2026-01-07T08:47:02.430539,insumos,insumo_movement,VENTA,MAP,Fertilizante,2577,kg,9 de Julio,Productor Gomez,9 de Julio,2026-01-07T20:05:06.678306
df8c645b-48b6-4340-b089-23d0d5b917f4,2026-01-05T00:50:00.342636,insumos,insumo_movement,COMPRA,Soja RR,Semilla,21253,bolsas,Fabricante Directo,Pergamino,Pergamino,2026-01-07T20:05:06.678325
24c947ff-53d0-4a1a-9249-86b07dbbc6d7,2026-01-02T03:41:56.203089,insumos,insumo_movement,COMPRA,Urea,Fertilizante,23973,kg,Importador Regional,Bahía Blanca,Bahía Blanca,2026-01-07T20:05:06.678343
55da6f85-78a7-4d80-8dfe-3a333ca2d1c7,2026-01-01T07:24:40.989345,insumos,insumo_movement,COMPRA,Urea,Fertilizante,3915,kg,Importador Regional,Trenque Lauquen,Trenque Lauquen,2026-01-07T20:05:06.678360
4cc351f5-963d-46c9-848a-528ea6128a22,2026-01-06T07:37:23.650876,insumos,insumo_movement,VENTA,Maíz híbrido,Semilla,3223,bolsas,Santa Rosa,Productor Avila,Santa Rosa,2026-01-07T20:05:06.678386
4294f4d7-8381-4516-a4b0-481161e93d3c,2026-01-01T19:54:02.169625,insumos,insumo_movement,COMPRA,Soja RR,Semilla,17276,bolsas,Proveedor Nacional,9 de Julio,9 de Julio,2026-01-07T20:05:06.678404
c71ee498-5c23-4bb1-95bb-96e49d7d8edf,2026-01-02T23:10:05.396186,insumos,insumo_movement,TRANSFERENCIA,Urea,Fertilizante,3106,kg,Pergamino,Trenque Lauquen,Trenque Lauquen,2026-01-07T20:05:06.678422
fa7224ff-d0d6-43c5-8759-f7334145f80b,2026-01-02T09:59:56.398492,insumos,insumo_movement,COMPRA,Soja RR,Semilla,6517,bolsas,Fabricante Directo,Bahía Blanca,Bahía Blanca,2026-01-07T20:05:06.678439
f4701307-9412-4441-a8ce-8ca5b6153ca5,2026-01-05T11:04:52.240705,insumos,insumo_movement,VENTA,Maíz híbrido,Semilla,2575,bolsas,Trenque Lauquen,Productor Cardozo,Trenque Lauquen,2026-01-07T20:05:06.678467
14bafb51-c113-499b-af78-bb951dccc4d1,2026-01-05T09:31:16.014287,insumos,insumo_movement,COMPRA,MAP,Fertilizante,6209,kg,Importador Regional,Pergamino,Pergamino,2026-01-07T20:05:06.678487
14092715-99ea-4bbf-8cec-0251403dcd41,2026-01-06T21:23:02.988979,insumos,insumo_movement,COMPRA,Maíz híbrido,Semilla,11174,bolsas,Fabricante Directo,Santa Rosa,Santa Rosa,2026-01-07T20:05:06.678505
079a4dea-9e4b-4d16-a96b-8f11dcba29be,2026-01-03T00:03:53.901167,insumos,insumo_movement,TRANSFERENCIA,MAP,Fertilizante,6247,kg,Bahía Blanca,Santa Rosa,Santa Rosa,2026-01-07T20:05:06.678524
ffa6bb7e-2c4b-49f7-a5b2-f856fa5ab049,2026-01-02T03:06:40.204371,insumos,insumo_movement,TRANSFERENCIA,Urea,Fertilizante,1571,kg,Pergamino,Trenque Lauquen,Trenque Lauquen,2026-01-07T20:05:06.678542
d42f2ee5-ba8f-4669-aa1d-ff8bedf9d957,2026-01-01T15:15:39.540562,insumos,insumo_movement,COMPRA,Glifosato,Agroquímico,4550,lt,Fabricante Directo,Pergamino,Pergamino,2026-01-07T20:05:06.678563
2cc56df0-83d8-40ee-9d4d-2115ea79b929,2026-01-05T01:36:51.947783,insumos,insumo_movement,COMPRA,Maíz híbrido,Semilla,24102,bolsas,Proveedor Nacional,9 de Julio,9 de Julio,2026-01-07T20:05:06.678581
abc0fb8f-2e95-4883-b9e9-5b0fdfdc1ea7,2026-01-05T01:32:53.262383,insumos,insumo_movement,TRANSFERENCIA,MAP,Fertilizante,1124,kg,9 de Julio,Santa Rosa,Santa Rosa,2026-01-07T20:05:06.678599
0a4b94eb-51ff-4ba2-ad01-d49777c2052e,2026-01-05T14:53:23.158174,insumos,insumo_movement,COMPRA,Soja RR,Semilla,11767,bolsas,Proveedor Nacional,Pergamino,Pergamino,2026-01-07T20:05:06.678616
94ac20f4-6d14-4890-99fe-b7db22a32fc6,2026-01-01T18:43:43.588069,insumos,insumo_movement,COMPRA,Soja RR,Semilla,18031,bolsas,Proveedor Nacional,Trenque Lauquen,Trenque Lauquen,2026-01-07T20:05:06.678633
e17ce54c-460b-4149-b447-4561dfdf406f,2026-01-04T00:13:36.119010,insumos,insumo_movement,COMPRA,MAP,Fertilizante,5952,kg,Fabricante Directo,9 de Julio,9 de Julio,2026-01-07T20:05:06.678650
fa30229c-3ace-4b2a-a010-ddf91239c20e,2026-01-03T08:48:44.856802,insumos,insumo_movement,TRANSFERENCIA,MAP,Fertilizante,3457,kg,Bahía Blanca,Pergamino,Pergamino,2026-01-07T20:05:06.678666
f30f0e47-bd81-4b20-b088-2c7ff2d6b29e,2026-01-03T08:45:18.370527,insumos,insumo_movement,TRANSFERENCIA,"2,4-D",Agroquímico,7199,lt,Bahía Blanca,Trenque Lauquen,Trenque Lauquen,2026-01-07T20:05:06.678683
c3f705b1-7fdc-4fe5-9777-729966bddb67,2026-01-02T07:35:01.791193,insumos,insumo_movement,TRANSFERENCIA,Maíz híbrido,Semilla,638,bolsas,Bahía Blanca,Trenque Lauquen,Trenque Lauquen,2026-01-07T20:05:06.678700
f477395b-2bb1-4864-8162-55b65872b6b4,2026-01-06T03:46:07.287410,insumos,insumo_movement,COMPRA,Glifosato,Agroquímico,6196,lt,Proveedor Nacional,Santa Rosa,Santa Rosa,2026-01-07T20:05:06.678717
d04a15c8-8cf7-421f-b965-fe32c7d342d5,2026-01-05T15:43:01.386017,insumos,insumo_movement,COMPRA,Urea,Fertilizante,24565,kg,Proveedor Nacional,Pergamino,Pergamino,2026-01-07T20:05:06.678737
eb53be20-d099-4d9b-be71-c1a2db94d277,2026-01-06T07:28:58.356503,insumos,insumo_movement,VENTA,Urea,Fertilizante,1740,kg,Bahía Blanca,Productor Ponce,Bahía Blanca,2026-01-07T20:05:06.678765
3e671256-f96f-48e5-be45-94ea032e9142,2026-01-04T12:25:12.602891,insumos,insumo_movement,TRANSFERENCIA,Maíz híbrido,Semilla,2143,bolsas,Santa Rosa,Pergamino,Pergamino,2026-01-07T20:05:06.678783
93093a70-1562-4def-821c-3ca401ed808d,2026-01-05T06:09:58.626617,insumos,insumo_movement,TRANSFERENCIA,"2,4-D",Agroquímico,3059,lt,Santa Rosa,9 de Julio,9 de Julio,2026-01-07T20:05:06.678801
39383035-34cf-4c83-9f63-c5b82d26f098,2026-01-04T04:05:38.481056,insumos,insumo_movement,TRANSFERENCIA,MAP,Fertilizante,6010,kg,Santa Rosa,Bahía Blanca,Bahía Blanca,2026-01-07T20:05:06.678818
f0d94407-5bce-4f7a-ac1a-c5b90500feaf,2026-01-05T05:59:55.653395,insumos,insumo_movement,COMPRA,Maíz híbrido,Semilla,3191,bolsas,Fabricante Directo,Bahía Blanca,Bahía Blanca,2026-01-07T20:05:06.678834
ef183069-b82f-4f56-ab1f-f32ffea7ce0b,2026-01-02T07:46:54.758002,insumos,insumo_movement,TRANSFERENCIA,Urea,Fertilizante,5552,kg,Pergamino,Bahía Blanca,Bahía Blanca,2026-01-07T20:05:06.678852
04da25bc-0c60-495f-918f-13cc19adc0fd,2026-01-05T00:57:30.560049,insumos,insumo_movement,COMPRA,Soja RR,Semilla,22972,bolsas,Importador Regional,Pergamino,Pergamino,2026-01-07T20:05:06.678869
b32299f0-47b5-430b-b504-7a71ee62a4e5,2026-01-01T09:30:02.301535,insumos,insumo_movement,TRANSFERENCIA,Maíz híbrido,Semilla,7282,bolsas,Bahía Blanca,Pergamino,Pergamino,2026-01-07T20:05:06.678887
df3d37a7-4e78-4616-acd4-15690afb1998,2026-01-04T21:24:14.891752,insumos,insumo_movement,TRANSFERENCIA,"2,4-D",Agroquímico,2322,lt,Santa Rosa,Trenque Lauquen,Trenque Lauquen,2026-01-07T20:05:06.678904
25c0e9a9-9adf-44c2-9fee-3da489605197,2026-01-06T15:58:22.335721,insumos,insumo_movement,VENTA,MAP,Fertilizante,761,kg,Santa Rosa,Productor Fernandez,Santa Rosa,2026-01-07T20:05:06.678930
d827fb33-610d-4150-8751-f234cec1ea6a,2026-01-06T21:59:08.761295,insumos,insumo_movement,COMPRA,MAP,Fertilizante,15390,kg,Proveedor Nacional,9 de Julio,9 de Julio,2026-01-07T20:05:06.678949
23141f34-f4ee-416e-97ce-8da208b76559,2026-01-04T07:07:09.565536,insumos,insumo_movement,COMPRA,Glifosato,Agroquímico,12367,lt,Fabricante Directo,Trenque Lauquen,Trenque Lauquen,2026-01-07T20:05:06.678966
bdbf9b3a-5161-4c35-965e-a980233f9ad3,2026-01-01T17:15:12.079384,insumos,insumo_movement,TRANSFERENCIA,Urea,Fertilizante,7546,kg,Santa Rosa,Trenque Lauquen,Trenque Lauquen,2026-01-07T20:05:06.678983
91774d0a-ebb7-4094-b9c9-177536a3e4c6,2026-01-01T02:58:06.994978,insumos,insumo_movement,COMPRA,MAP,Fertilizante,24976,kg,Fabricante Directo,Trenque Lauquen,Trenque Lauquen,2026-01-07T20:05:06.679004
0b13b2d3-764b-46b0-af80-b9e5cf2f3078,2026-01-01T13:07:57.058868,insumos,insumo_movement,VENTA,Urea,Fertilizante,692,kg,Trenque Lauquen,Productor Juarez,Trenque Lauquen,2026-01-07T20:05:06.679035
ca650593-3b66-4657-b518-7444a2628198,2026-01-01T07:37:50.469396,insumos,insumo_movement,COMPRA,Urea,Fertilizante,4635,kg,Proveedor Nacional,Trenque Lauquen,Trenque Lauquen,2026-01-07T20:05:06.679055
ce7bd5ea-b45c-42a1-9dbf-b9244ab52a48,2026-01-01T05:11:59.194970,insumos,insumo_movement,COMPRA,MAP,Fertilizante,8516,kg,Proveedor Nacional,Santa Rosa,Santa Rosa,2026-01-07T20:05:06.679080
08e8db00-8ac5-4ccf-bb15-34dde9403679,2026-01-07T10:00:54.289010,insumos,insumo_movement,COMPRA,"2,4-D",Agroquímico,20409,lt,Fabricante Directo,Bahía Blanca,Bahía Blanca,2026-01-07T20:05:06.679099
97325965-d851-487e-9702-ddb79475c279,2026-01-06T08:20:46.524469,insumos,insumo_movement,TRANSFERENCIA,Soja RR,Semilla,6630,bolsas,Santa Rosa,Trenque Lauquen,Trenque Lauquen,2026-01-07T20:05:06.679118
1ca3014b-471b-49d4-b629-54a29fc5135c,2026-01-02T14:51:21.033101,insumos,insumo_movement,VENTA,Urea,Fertilizante,437,kg,Trenque Lauquen,Productor Fernandez,Trenque Lauquen,2026-01-07T20:05:06.679147
744034b8-99cf-40b6-a43d-c2673ab43c4b,2026-01-05T08:21:31.369369,insumos,insumo_movement,VENTA,Glifosato,Agroquímico,1705,lt,Santa Rosa,Productor Rodriguez,Santa Rosa,2026-01-07T20:05:06.679176
f5d1b4ae-b39a-43a7-ae1e-50c41320429c,2026-01-06T17:23:40.249663,insumos,insumo_movement,VENTA,"2,4-D",Agroquímico,2787,lt,Trenque Lauquen,Productor Ledesma,Trenque Lauquen,2026-01-07T20:05:06.679217
6291471a-dde6-4815-a1ff-0d29e4faa28c,2026-01-07T15:32:26.124486,insumos,insumo_movement,TRANSFERENCIA,Soja RR,Semilla,7865,bolsas,9 de Julio,Trenque Lauquen,Trenque Lauquen,2026-01-07T20:05:06.679247
da81d03b-acc4-4866-816f-ab843eae3ba0,2026-01-05T11:52:55.612831,insumos,insumo_movement,TRANSFERENCIA,"2,4-D",Agroquímico,2757,lt,9 de Julio,Bahía Blanca,Bahía Blanca,2026-01-07T20:05:06.679269
9cfbea9a-3436-4b6c-b977-aad60468c5c3,2026-01-07T02:24:32.598979,insumos,insumo_movement,TRANSFERENCIA,Urea,Fertilizante,7243,kg,Santa Rosa,Trenque Lauquen,Trenque Lauquen,2026-01-07T20:05:06.679290
beb967b0-710e-452d-8661-86a61b63812f,2026-01-04T12:26:55.323401,insumos,insumo_movement,VENTA,Soja RR,Semilla,3330,bolsas,Trenque Lauquen,Productor Garcia,Trenque Lauquen,2026-01-07T20:05:06.679322
d2d58505-e5d0-4138-b47a-9a7bfc439566,2026-01-03T14:08:50.395213,insumos,insumo_movement,COMPRA,Maíz híbrido,Semilla,2856,bolsas,Importador Regional,9 de Julio,9 de Julio,2026-01-07T20:05:06.679343
fdc78b8e-0a63-411c-9a3c-9f17c336af35,2026-01-05T21:22:51.372537,insumos,insumo_movement,VENTA,Soja RR,Semilla,2572,bolsas,Bahía Blanca,Productor Farias,Bahía Blanca,2026-01-07T20:05:06.679371
9875cf88-9409-499c-8205-7e89246c99cc,2026-01-04T10:08:52.455311,insumos,insumo_movement,VENTA,Glifosato,Agroquímico,4328,lt,Santa Rosa,Productor Aguirre,Santa Rosa,2026-01-07T20:05:06.679399
176f3152-b946-4fd3-930a-56598a1bb531,2026-01-02T13:06:46.229951,insumos,insumo_movement,COMPRA,Maíz híbrido,Semilla,7064,bolsas,Proveedor Nacional,Santa Rosa,Santa Rosa,2026-01-07T20:05:06.679418
b893c789-38b2-4b6e-83bd-abc31f6bdd7d,2026-01-05T17:53:07.219966,insumos,insumo_movement,COMPRA,Urea,Fertilizante,4661,kg,Proveedor Nacional,Santa Rosa,Santa Rosa,2026-01-07T20:05:06.679435
b8bf2744-18f4-4203-b2b7-16feb7cf685b,2026-01-07T03:02:32.833834,insumos,insumo_movement,COMPRA,MAP,Fertilizante,11772,kg,Importador Regional,9 de Julio,9 de Julio,2026-01-07T20:05:06.679453
27923fdc-0403-48f9-84f4-ff2a7044fdbc,2026-01-04T06:43:25.804741,insumos,insumo_movement,TRANSFERENCIA,"2,4-D",Agroquímico,4362,lt,Pergamino,Trenque Lauquen,Trenque Lauquen,2026-01-07T20:05:06.679471
c6f2c1d2-05be-4a02-bd5d-fb3fe7d4b415,2026-01-05T11:14:57.168878,insumos,insumo_movement,VENTA,Soja RR,Semilla,2190,bolsas,Santa Rosa,Productor Gomez,Santa Rosa,2026-01-07T20:05:06.679498
5da941d4-3b63-421a-afea-1fe59dcf10df,2026-01-06T08:41:21.586390,insumos,insumo_movement,TRANSFERENCIA,"2,4-D",Agroquímico,6390,lt,Bahía Blanca,Trenque Lauquen,Trenque Lauquen,2026-01-07T20:05:06.679582
2f5121ea-5a2a-4641-b33c-2c112ff43118,2026-01-03T13:25:44.255051,insumos,insumo_movement,VENTA,Glifosato,Agroquímico,4516,lt,Trenque Lauquen,Productor Ortiz,Trenque Lauquen,2026-01-07T20:05:06.679642
b9355818-72f0-4513-8e15-4dd22df4e982,2026-01-06T06:59:02.983108,insumos,insumo_movement,COMPRA,Maíz híbrido,Semilla,3041,bolsas,Importador Regional,9 de Julio,9 de Julio,2026-01-07T20:05:06.679674
9a2c32de-b3e4-4d16-861b-958fe7a410ff,2026-01-03T05:51:23.370898,insumos,insumo_movement,COMPRA,Soja RR,Semilla,18214,bolsas,Fabricante Directo,Trenque Lauquen,Trenque Lauquen,2026-01-07T20:05:06.679708
ec11e9f1-1dbc-4ade-a4f8-cc297e10f6d5,2026-01-03T22:39:02.204387,insumos,insumo_movement,TRANSFERENCIA,MAP,Fertilizante,6659,kg,Pergamino,Trenque Lauquen,Trenque Lauquen,2026-01-07T20:05:06.679736
dc3a65f3-f6c9-4b48-a2f3-e3fbc10ec7d4,2026-01-06T22:44:43.822645,insumos,insumo_movement,COMPRA,Glifosato,Agroquímico,8387,lt,Proveedor Nacional,Bahía Blanca,Bahía Blanca,2026-01-07T20:05:06.679763
bcf07625-1e0a-424e-8db4-fa7121df3c00,2026-01-03T00:28:54.273722,insumos,insumo_movement,VENTA,Glifosato,Agroquímico,477,lt,Pergamino,Productor Roldan,Pergamino,2026-01-07T20:05:06.679803
35645d6d-1364-4d81-be72-ca2826812505,2026-01-02T00:43:01.494314,insumos,insumo_movement,TRANSFERENCIA,Soja RR,Semilla,6590,bolsas,9 de Julio,Trenque Lauquen,Trenque Lauquen,2026-01-07T20:05:06.679831
843a6d53-1d9f-4019-9721-9796795b2f10,2026-01-03T10:49:09.711595,insumos,insumo_movement,COMPRA,Glifosato,Agroquímico,7936,lt,Fabricante Directo,Trenque Lauquen,Trenque Lauquen,2026-01-07T20:05:06.679855
a3c5b4b9-53fc-4358-84ed-ec902ee06f9e,2026-01-01T13:38:06.205643,insumos,insumo_movement,VENTA,"2,4-D",Agroquímico,3132,lt,Santa Rosa,Productor Garcia,Santa Rosa,2026-01-07T20:05:06.679892
ad8c292a-717e-4b58-8406-efd404a0aa49,2026-01-07T09:55:28.367863,insumos,insumo_movement,TRANSFERENCIA,"2,4-D",Agroquímico,4229,lt,Pergamino,9 de Julio,9 de Julio,2026-01-07T20:05:06.679919
4c9688e9-b16e-4c71-95d0-fdb57dd0af8f,2026-01-02T13:52:19.671822,insumos,insumo_movement,TRANSFERENCIA,"2,4-D",Agroquímico,2941,lt,Pergamino,Santa Rosa,Santa Rosa,2026-01-07T20:05:06.679943
c0bc54c0-4a7c-4e8a-93f7-e9aa8bf611c4,2026-01-01T11:55:15.339822,insumos,insumo_movement,COMPRA,MAP,Fertilizante,7430,kg,Proveedor Nacional,Trenque Lauquen,Trenque Lauquen,2026-01-07T20:05:06.679966
643e8a7a-5133-4079-a0f9-2ee71019ddee,2026-01-04T18:44:10.552129,insumos,insumo_movement,COMPRA,Glifosato,Agroquímico,4263,lt,Proveedor Nacional,Santa Rosa,Santa Rosa,2026-01-07T20:05:06.679987
d07f9daa-7acb-49df-a927-82fb53cfbc3d,2026-01-05T10:59:31.293602,insumos,insumo_movement,COMPRA,MAP,Fertilizante,11126,kg,Importador Regional,Pergamino,Pergamino,2026-01-07T20:05:06.680008
5ef8b0d7-ee85-4241-ac54-9f0dda88e02a,2026-01-03T13:41:02.259091,insumos,insumo_movement,TRANSFERENCIA,MAP,Fertilizante,7888,kg,Trenque Lauquen,Pergamino,Pergamino,2026-01-07T20:05:06.680035
eaddb3ec-7313-4844-8f5c-4e0b19c4dc91,2026-01-03T12:02:05.644681,insumos,insumo_movement,TRANSFERENCIA,Glifosato,Agroquímico,5836,lt,Santa Rosa,Trenque Lauquen,Trenque Lauquen,2026-01-07T20:05:06.680059
0e9e486d-1296-4f5c-af6b-9b25d16ed287,2026-01-06T06:46:26.753211,insumos,insumo_movement,TRANSFERENCIA,MAP,Fertilizante,2848,kg,Trenque Lauquen,Santa Rosa,Santa Rosa,2026-01-07T20:05:06.680082
46894fb0-0cdf-4292-b620-1c8892c447b9,2026-01-02T08:30:47.246600,insumos,insumo_movement,VENTA,"2,4-D",Agroquímico,2309,lt,9 de Julio,Productor Romero,9 de Julio,2026-01-07T20:05:06.680118
579078a7-af27-4c76-a801-516c20d3e8a7,2026-01-05T16:58:49.698828,insumos,insumo_movement,COMPRA,Urea,Fertilizante,15802,kg,Importador Regional,Bahía Blanca,Bahía Blanca,2026-01-07T20:05:06.680144
aafdbe1b-bc85-400e-8d65-588dfa3635c8,2026-01-04T10:44:10.819201,insumos,insumo_movement,COMPRA,Urea,Fertilizante,20831,kg,Proveedor Nacional,Pergamino,Pergamino,2026-01-07T20:05:06.680167
e1b7b080-0080-4677-859c-ea5b810fa5a9,2026-01-06T03:12:50.782754,insumos,insumo_movement,VENTA,"2,4-D",Agroquímico,2463,lt,Trenque Lauquen,Productor Dominguez,Trenque Lauquen,2026-01-07T20:05:06.680202
64398088-3b53-456d-9764-6dde18c6ff94,2026-01-07T04:36:20.450710,insumos,insumo_movement,TRANSFERENCIA,Soja RR,Semilla,6611,bolsas,9 de Julio,Santa Rosa,Santa Rosa,2026-01-07T20:05:06.680223
d89d8d02-66fc-4b6f-bebb-d5cde94a011c,2026-01-04T14:35:57.538229,insumos,insumo_movement,TRANSFERENCIA,"2,4-D",Agroquímico,2022,lt,Bahía Blanca,Pergamino,Pergamino,2026-01-07T20:05:06.680242
e32ec686-9642-4a5b-98a3-a15414874148,2026-01-02T02:36:59.571405,insumos,insumo_movement,TRANSFERENCIA,MAP,Fertilizante,951,kg,Trenque Lauquen,Santa Rosa,Santa Rosa,2026-01-07T20:05:06.680265
08c0cec4-893a-4166-83f4-973bef07b336,2026-01-06T02:28:28.265555,insumos,insumo_movement,TRANSFERENCIA,Soja RR,Semilla,3799,bolsas,Pergamino,Bahía Blanca,Bahía Blanca,2026-01-07T20:05:06.680284
1af80ecc-e65f-44fc-a06d-b45a20f2e2b6,2026-01-05T11:00:30.598870,insumos,insumo_movement,COMPRA,"2,4-D",Agroquímico,12454,lt,Proveedor Nacional,Santa Rosa,Santa Rosa,2026-01-07T20:05:06.680310
f315c0b4-12b2-41e1-bf00-9a090edf1e29,2026-01-07T02:43:38.055786,insumos,insumo_movement,VENTA,Soja RR,Semilla,4451,bolsas,Bahía Blanca,Productor Diaz,Bahía Blanca,2026-01-07T20:05:06.680339
3737eeec-0fbd-4358-9f8c-713db9785433,2026-01-03T07:00:11.463275,insumos,insumo_movement,VENTA,Maíz híbrido,Semilla,4001,bolsas,Santa Rosa,Productor Sanchez,Santa Rosa,2026-01-07T20:05:06.680368
b250068f-df3c-4812-8bdc-f0106172d03d,2026-01-02T01:19:44.305511,insumos,insumo_movement,TRANSFERENCIA,MAP,Fertilizante,923,kg,Bahía Blanca,Pergamino,Pergamino,2026-01-07T20:05:06.680459
fa7d4d91-e611-4c2d-a52b-6123b495596a,2026-01-03T12:51:23.205366,insumos,insumo_movement,VENTA,Urea,Fertilizante,240,kg,9 de Julio,Productor Gomez,9 de Julio,2026-01-07T20:05:06.680494
8172419c-2206-4c3b-aa13-d0de9f8a44b7,2026-01-05T19:58:37.762206,insumos,insumo_movement,COMPRA,Soja RR,Semilla,20885,bolsas,Importador Regional,Pergamino,Pergamino,2026-01-07T20:05:06.680516
b917131b-a7df-484d-8150-f5913643aea0,2026-01-01T00:04:38.012233,insumos,insumo_movement,COMPRA,"2,4-D",Agroquímico,24234,lt,Fabricante Directo,Trenque Lauquen,Trenque Lauquen,2026-01-07T20:05:06.680536
62fd2325-e2a1-4805-a431-2dca41b7d2a2,2026-01-04T02:47:05.903381,insumos,insumo_movement,VENTA,Soja RR,Semilla,1077,bolsas,Bahía Blanca,Productor Rios,Bahía Blanca,2026-01-07T20:05:06.680589
bd10c907-824b-4368-9c3a-010d541e0218,2026-01-01T09:05:48.066462,insumos,insumo_movement,TRANSFERENCIA,MAP,Fertilizante,3093,kg,Santa Rosa,Trenque Lauquen,Trenque Lauquen,2026-01-07T20:05:06.680613
cca32573-9330-4e61-9e46-9bb49ae0ab67,2026-01-06T19:52:06.264623,insumos,insumo_movement,VENTA,MAP,Fertilizante,2788,kg,Bahía Blanca,Productor Gonzalez,Bahía Blanca,2026-01-07T20:05:06.680643
b90e873d-aaa4-448a-a32b-73c61407cbab,2026-01-03T12:32:09.266433,insumos,insumo_movement,VENTA,"2,4-D",Agroquímico,1367,lt,Santa Rosa,Productor Lopez,Santa Rosa,2026-01-07T20:05:06.680673
d0ec8116-0665-4662-9a28-bb240467bbec,2026-01-01T09:05:27.583712,insumos,insumo_movement,COMPRA,MAP,Fertilizante,19601,kg,Importador Regional,Santa Rosa,Santa Rosa,2026-01-07T20:05:06.680693
1ae00bc6-8c03-4550-8a5f-7a886ccca7a2,2026-01-02T16:21:06.167784,insumos,insumo_movement,TRANSFERENCIA,MAP,Fertilizante,5989,kg,9 de Julio,Trenque Lauquen,Trenque Lauquen,2026-01-07T20:05:06.680713
dd8214a2-cce9-4328-bcdf-9fedebd213e6,2026-01-06T03:35:27.429214,insumos,insumo_movement,VENTA,Glifosato,Agroquímico,4164,lt,Santa Rosa,Productor Medina,Santa Rosa,2026-01-07T20:05:06.680741
d6166410-4b72-488d-9626-851fdad071b7,2026-01-06T04:26:49.594063,insumos,insumo_movement,COMPRA,"2,4-D",Agroquímico,14238,lt,Importador Regional,Santa Rosa,Santa Rosa,2026-01-07T20:05:06.680782
aefe8d7c-9f47-45a3-9514-82f0c25cb068,2026-01-06T22:35:19.798677,insumos,insumo_movement,VENTA,Urea,Fertilizante,4261,kg,9 de Julio,Productor Sanchez,9 de Julio,2026-01-07T20:05:06.680818
6f53ada9-53fa-4494-9924-3eb36dbb9614,2026-01-05T12:24:57.211966,insumos,insumo_movement,VENTA,Urea,Fertilizante,1156,kg,Bahía Blanca,Productor Fernandez,Bahía Blanca,2026-01-07T20:05:06.680850
8ca25c51-0807-49ac-a467-0968adb35ee0,2026-01-04T10:18:41.312225,insumos,insumo_movement,COMPRA,Glifosato,Agroquímico,8634,lt,Importador Regional,Trenque Lauquen,Trenque Lauquen,2026-01-07T20:05:06.680870
a6d1e953-8cc7-4650-9ced-05470ec12b78,2026-01-07T13:16:45.061790,insumos,insumo_movement,VENTA,"2,4-D",Agroquímico,4405,lt,Pergamino,Productor Vazquez,Pergamino,2026-01-07T20:05:06.680898
ec738720-520b-41f6-97ad-6d0e2b57303a,2026-01-07T06:11:12.988733,insumos,insumo_movement,TRANSFERENCIA,MAP,Fertilizante,5466,kg,9 de Julio,Pergamino,Pergamino,2026-01-07T20:05:06.680919
77ab5ef3-4528-4be5-b092-3eb59d8cf583,2026-01-02T10:24:05.403819,insumos,insumo_movement,COMPRA,Maíz híbrido,Semilla,22682,bolsas,Fabricante Directo,Trenque Lauquen,Trenque Lauquen,2026-01-07T20:05:06.680938
f89f21f9-ab93-4c00-a1d5-510460708c8d,2026-01-05T18:49:51.229549,insumos,insumo_movement,TRANSFERENCIA,Urea,Fertilizante,7407,kg,Santa Rosa,9 de Julio,9 de Julio,2026-01-07T20:05:06.680958
25dfacce-85e1-4ed5-849f-653d8c8e3df4,2026-01-04T12:54:17.767987,insumos,insumo_movement,COMPRA,"2,4-D",Agroquímico,24857,lt,Importador Regional,Pergamino,Pergamino,2026-01-07T20:05:06.680980
cf82bb2d-ae61-456b-b352-c607616f0351,2026-01-07T06:33:44.725863,insumos,insumo_movement,TRANSFERENCIA,"2,4-D",Agroquímico,2488,lt,Pergamino,Bahía Blanca,Bahía Blanca,2026-01-07T20:05:06.681001
d2dcebc2-b127-4fbd-9c2a-8def707f3fba,2026-01-01T01:09:07.211010,insumos,insumo_movement,TRANSFERENCIA,Soja RR,Semilla,2459,bolsas,9 de Julio,Bahía Blanca,Bahía Blanca,2026-01-07T20:05:06.681020
35c38ed8-5fce-41ce-99a6-edeba916ca4d,2026-01-05T19:55:56.895665,insumos,insumo_movement,VENTA,Glifosato,Agroquímico,4188,lt,Bahía Blanca,Productor Quiroga,Bahía Blanca,2026-01-07T20:05:06.681049
bba26a35-858f-48a1-a869-2568bb686342,2026-01-03T16:52:45.053101,insumos,insumo_movement,VENTA,MAP,Fertilizante,3136,kg,Santa Rosa,Productor Ramirez,Santa Rosa,2026-01-07T20:05:06.681077
bef4d137-2efb-435c-b249-0cafaa2ab184,2026-01-04T20:39:29.914330,insumos,insumo_movement,COMPRA,Maíz híbrido,Semilla,6074,bolsas,Importador Regional,Trenque Lauquen,Trenque Lauquen,2026-01-07T20:05:06.681097
de173367-27ac-42da-83ad-8cb4e63ddabd,2026-01-04T22:20:30.764644,insumos,insumo_movement,COMPRA,"2,4-D",Agroquímico,22908,lt,Proveedor Nacional,Pergamino,Pergamino,2026-01-07T20:05:06.681114
3c4d9c74-1a5d-49e1-95d2-a5e8fc14513b,2026-01-02T06:18:11.044113,insumos,insumo_movement,COMPRA,"2,4-D",Agroquímico,1197,lt,Fabricante Directo,Santa Rosa,Santa Rosa,2026-01-07T20:05:06.681132
bda9390e-7707-41e2-aac9-becf9acf89ce,2026-01-01T03:25:25.097902,insumos,insumo_movement,VENTA,MAP,Fertilizante,2017,kg,Bahía Blanca,Productor Roldan,Bahía Blanca,2026-01-07T20:05:06.681163
6dd3605b-5d45-4b04-bfcd-26f8aa989294,2026-01-07T06:43:14.050087,insumos,insumo_movement,VENTA,MAP,Fertilizante,212,kg,Santa Rosa,Productor Flores,Santa Rosa,2026-01-07T20:05:06.681191
4e363205-f1a4-4f90-90ec-3f2dbc76f58b,2026-01-03T02:54:22.222549,insumos,insumo_movement,COMPRA,Maíz híbrido,Semilla,21662,bolsas,Proveedor Nacional,Trenque Lauquen,Trenque Lauquen,2026-01-07T20:05:06.681210
5903bd52-fa0a-47e2-9de0-d7e2fbdb316a,2026-01-03T11:25:27.905834,insumos,insumo_movement,TRANSFERENCIA,Urea,Fertilizante,6705,kg,Pergamino,Santa Rosa,Santa Rosa,2026-01-07T20:05:06.681229
2d800af9-4793-4041-ba49-57be493d958f,2026-01-01T16:47:07.245778,insumos,insumo_movement,COMPRA,Glifosato,Agroquímico,24126,lt,Importador Regional,Trenque Lauquen,Trenque Lauquen,2026-01-07T20:05:06.681247
a71e0916-3b74-4995-bc32-40ba0369b2e1,2026-01-05T02:46:51.116534,insumos,insumo_movement,COMPRA,Soja RR,Semilla,13639,bolsas,Proveedor Nacional,Santa Rosa,Santa Rosa,2026-01-07T20:05:06.681264
f571f4b0-636b-47f6-9d42-3300ecd6c6d6,2026-01-03T03:40:26.563337,insumos,insumo_movement,VENTA,Maíz híbrido,Semilla,4042,bolsas,9 de Julio,Productor Martin,9 de Julio,2026-01-07T20:05:06.681290
53028be8-0bc9-4f24-9c3d-8a9eda008b3c,2026-01-01T06:11:25.833526,insumos,insumo_movement,TRANSFERENCIA,Glifosato,Agroquímico,7581,lt,Bahía Blanca,Pergamino,Pergamino,2026-01-07T20:05:06.681309
a0acee2f-22a3-45e3-b46b-3522d405b0bb,2026-01-03T21:11:41.315367,insumos,insumo_movement,TRANSFERENCIA,Glifosato,Agroquímico,584,lt,Bahía Blanca,Trenque Lauquen,Trenque Lauquen,2026-01-07T20:05:06.681327
8ec3ade8-eba3-45ba-aeaa-0498cca3c57d,2026-01-05T10:05:16.538441,insumos,insumo_movement,VENTA,Urea,Fertilizante,3452,kg,Trenque Lauquen,Productor Vega,Trenque Lauquen,2026-01-07T20:05:06.681354
a3713ea8-3ce3-48a7-8e1a-7ca770783e2f,2026-01-07T05:56:35.881901,insumos,insumo_movement,COMPRA,Maíz híbrido,Semilla,2061,bolsas,Fabricante Directo,Pergamino,Pergamino,2026-01-07T20:05:06.681373
bfb9ce53-805e-4a6d-aeec-ed2799c98f37,2026-01-03T08:31:24.630234,insumos,insumo_movement,VENTA,Urea,Fertilizante,4290,kg,Pergamino,Productor Acosta,Pergamino,2026-01-07T20:05:06.681403
ba97d30e-42db-4a94-ad5f-e5913ed25f34,2026-01-03T02:54:29.929763,insumos,insumo_movement,VENTA,MAP,Fertilizante,3874,kg,9 de Julio,Productor Lucero,9 de Julio,2026-01-07T20:05:06.681430
60808f07-538e-483d-acd6-670766724fae,2026-01-06T00:20:16.796410,insumos,insumo_movement,COMPRA,"2,4-D",Agroquímico,14601,lt,Fabricante Directo,9 de Julio,9 de Julio,2026-01-07T20:05:06.681449
a1260837-d038-4256-b7ea-56942244583d,2026-01-04T20:59:08.300198,insumos,insumo_movement,VENTA,Glifosato,Agroquímico,1713,lt,9 de Julio,Productor Paez,9 de Julio,2026-01-07T20:05:06.681479
a2440e1c-de26-4428-a5c1-bd83729de1bc,2026-01-07T13:51:45.978699,insumos,insumo_movement,COMPRA,Glifosato,Agroquímico,19114,lt,Proveedor Nacional,Trenque Lauquen,Trenque Lauquen,2026-01-07T20:05:06.681499
5e58db90-759e-4e85-9b45-4da701768ec7,2026-01-05T14:32:40.987663,insumos,insumo_movement,COMPRA,Glifosato,Agroquímico,19062,lt,Fabricante Directo,Santa Rosa,Santa Rosa,2026-01-07T20:05:06.681517
2413d6d3-e8fa-4dee-bf08-7b1cf06a9bfb,2026-01-06T10:34:29.386589,insumos,insumo_movement,VENTA,Soja RR,Semilla,643,bolsas,Pergamino,Productor Gomez,Pergamino,2026-01-07T20:05:06.681543
42016a3a-a3c5-44d8-acf9-2cbe51e8c27f,2026-01-02T08:56:21.000717,insumos,insumo_movement,VENTA,Soja RR,Semilla,1028,bolsas,Trenque Lauquen,Productor Herrera,Trenque Lauquen,2026-01-07T20:05:06.681570
a1964726-934d-4cc2-89c0-8668bb40b63e,2026-01-07T13:55:30.903617,insumos,insumo_movement,COMPRA,Maíz híbrido,Semilla,12486,bolsas,Fabricante Directo,Santa Rosa,Santa Rosa,2026-01-07T20:05:06.681588
17a4bf17-a648-434c-8c13-fef79b6bde2b,2026-01-05T02:53:11.361277,insumos,insumo_movement,TRANSFERENCIA,Glifosato,Agroquímico,1660,lt,Trenque Lauquen,Santa Rosa,Santa Rosa,2026-01-07T20:05:06.681606
380366c7-b6fd-47bc-a127-85d23e67b5a0,2026-01-04T04:01:43.351350,insumos,insumo_movement,VENTA,Maíz híbrido,Semilla,1799,bolsas,9 de Julio,Productor Avila,9 de Julio,2026-01-07T20:05:06.681633
6acd0024-8ede-4a88-b4e2-9328cb141aed,2026-01-07T03:31:56.439405,insumos,insumo_movement,VENTA,"2,4-D",Agroquímico,2594,lt,9 de Julio,Productor Castro,9 de Julio,2026-01-07T20:05:06.681659
65b1730a-fcb5-4dca-983c-f847fa71a96c,2026-01-06T17:30:30.418884,insumos,insumo_movement,VENTA,Soja RR,Semilla,1082,bolsas,9 de Julio,Productor Sosa,9 de Julio,2026-01-07T20:05:06.681685
f013d025-97b4-4b1c-b61b-9f82e67af735,2026-01-02T23:39:53.535890,insumos,insumo_movement,VENTA,Maíz híbrido,Semilla,3617,bolsas,Pergamino,Productor Sanchez,Pergamino,2026-01-07T20:05:06.681711
0ad9199a-b01b-4c6d-b741-573321281e4e,2026-01-06T22:41:33.313486,insumos,insumo_movement,COMPRA,MAP,Fertilizante,7861,kg,Importador Regional,Bahía Blanca,Bahía Blanca,2026-01-07T20:05:06.681730
2d70db00-f3a6-43be-aace-6adb1072f83b,2026-01-04T00:04:33.993871,insumos,insumo_movement,COMPRA,"2,4-D",Agroquímico,23634,lt,Proveedor Nacional,9 de Julio,9 de Julio,2026-01-07T20:05:06.681748
03c7ddf7-44d1-4022-95d1-04e4cf381a33,2026-01-06T09:14:46.354795,insumos,insumo_movement,VENTA,Urea,Fertilizante,3475,kg,Santa Rosa,Productor Lopez,Santa Rosa,2026-01-07T20:05:06.681774
c4b631ee-354d-4b9a-949c-f3eb72874d9d,2026-01-05T09:58:28.618340,insumos,insumo_movement,VENTA,MAP,Fertilizante,3674,kg,Pergamino,Productor Perez,Pergamino,2026-01-07T20:05:06.681800
6aa04594-843e-42e7-9a96-3bda78170b64,2026-01-04T02:16:24.850407,insumos,insumo_movement,COMPRA,Maíz híbrido,Semilla,1196,bolsas,Proveedor Nacional,9 de Julio,9 de Julio,2026-01-07T20:05:06.681818
24ce01f8-364d-48d5-b448-4b18c0550d4b,2026-01-05T21:30:31.043796,insumos,insumo_movement,TRANSFERENCIA,"2,4-D",Agroquímico,7450,lt,9 de Julio,Santa Rosa,Santa Rosa,2026-01-07T20:05:06.681837
bedd7ada-427e-4b4f-b05f-62291358dc6a,2026-01-02T09:13:57.404216,insumos,insumo_movement,COMPRA,Maíz híbrido,Semilla,4476,bolsas,Proveedor Nacional,9 de Julio,9 de Julio,2026-01-07T20:05:06.681854
28f78acb-00bc-4b89-bf87-3c3aa1905115,2026-01-02T07:20:14.960526,insumos,insumo_movement,TRANSFERENCIA,Glifosato,Agroquímico,6731,lt,Santa Rosa,9 de Julio,9 de Julio,2026-01-07T20:05:06.681871
760b29c6-b991-443f-89ac-49a163b04d1c,2026-01-06T02:05:23.063337,insumos,insumo_movement,VENTA,"2,4-D",Agroquímico,2958,lt,Pergamino,Productor Perez,Pergamino,2026-01-07T20:05:06.681898
61d581e1-ad2e-4e5d-8f0d-a77e0c1e7916,2026-01-07T16:51:40.848798,insumos,insumo_movement,TRANSFERENCIA,Soja RR,Semilla,2023,bolsas,Bahía Blanca,Pergamino,Pergamino,2026-01-07T20:05:06.681917
e2813fd8-28ef-418d-b5d0-02c6c79f4904,2026-01-04T15:34:01.527028,insumos,insumo_movement,TRANSFERENCIA,Glifosato,Agroquímico,1507,lt,Bahía Blanca,Trenque Lauquen,Trenque Lauquen,2026-01-07T20:05:06.681940
16c39190-f0e7-4a9a-aa5b-dab0b8552f35,2026-01-07T02:31:32.635319,insumos,insumo_movement,TRANSFERENCIA,MAP,Fertilizante,6362,kg,Pergamino,Trenque Lauquen,Trenque Lauquen,2026-01-07T20:05:06.681959
f11221ec-e136-4ad1-9d03-a624ca982c11,2026-01-05T07:25:11.528018,insumos,insumo_movement,TRANSFERENCIA,Soja RR,Semilla,887,bolsas,Santa Rosa,9 de Julio,9 de Julio,2026-01-07T20:05:06.681976
72932f56-6b40-44b4-8e9a-9255cc547dd7,2026-01-02T15:52:37.343724,insumos,insumo_movement,COMPRA,MAP,Fertilizante,5457,kg,Fabricante Directo,Santa Rosa,Santa Rosa,2026-01-07T20:05:06.681994
74528e5b-a134-4bd8-85bb-65f73768e1d2,2026-01-01T20:24:16.484269,insumos,insumo_movement,VENTA,MAP,Fertilizante,2648,kg,9 de Julio,Productor Diaz,9 de Julio,2026-01-07T20:05:06.682026
83b842a5-2fe1-4e21-a1d7-ea050823f451,2026-01-06T20:30:56.096133,insumos,insumo_movement,COMPRA,Glifosato,Agroquímico,11091,lt,Fabricante Directo,Santa Rosa,Santa Rosa,2026-01-07T20:05:06.682046
5f063b5d-deff-46dc-9727-82db84dffff8,2026-01-06T17:10:49.788656,insumos,insumo_movement,VENTA,Urea,Fertilizante,3397,kg,Santa Rosa,Productor Sosa,Santa Rosa,2026-01-07T20:05:06.682074
e979f936-50f6-4bcf-af58-936816c20822,2026-01-04T22:46:19.408083,insumos,insumo_movement,VENTA,"2,4-D",Agroquímico,1755,lt,Santa Rosa,Productor Gomez,Santa Rosa,2026-01-07T20:05:06.682100
6bb3aa8d-73de-478a-a615-46ff3408c03b,2026-01-03T07:44:45.571637,insumos,insumo_movement,VENTA,Soja RR,Semilla,2639,bolsas,Pergamino,Productor Gomez,Pergamino,2026-01-07T20:05:06.682130
9814984a-85c0-481d-93b5-37ce2a0c6c6c,2026-01-06T10:37:12.750424,insumos,insumo_movement,TRANSFERENCIA,Glifosato,Agroquímico,4497,lt,Pergamino,Trenque Lauquen,Trenque Lauquen,2026-01-07T20:05:06.682150
18d8bfe4-2e95-4f2f-b834-00bfc98168de,2026-01-05T14:33:43.235651,insumos,insumo_movement,COMPRA,Glifosato,Agroquímico,23718,lt,Fabricante Directo,Pergamino,Pergamino,2026-01-07T20:05:06.682168
785d1015-5566-4fed-b811-0560cbececc0,2026-01-05T11:12:00.467869,insumos,insumo_movement,VENTA,Urea,Fertilizante,4543,kg,Santa Rosa,Productor Diaz,Santa Rosa,2026-01-07T20:05:06.682194
cdc522cb-0c90-4d07-bf25-d83857368470,2026-01-06T09:35:45.931255,insumos,insumo_movement,COMPRA,Soja RR,Semilla,15713,bolsas,Importador Regional,Trenque Lauquen,Trenque Lauquen,2026-01-07T20:05:06.682212
e622d17d-8e52-457c-803a-4c4cbf376e63,2026-01-05T19:49:31.823731,insumos,insumo_movement,TRANSFERENCIA,Soja RR,Semilla,1899,bolsas,Trenque Lauquen,Santa Rosa,Santa Rosa,2026-01-07T20:05:06.682230
da92f6ff-71e1-4dc7-af27-ca006b9be6aa,2026-01-03T17:56:05.604845,insumos,insumo_movement,TRANSFERENCIA,MAP,Fertilizante,4827,kg,9 de Julio,Santa Rosa,Santa Rosa,2026-01-07T20:05:06.682248
dc6e11fc-bfa6-4793-a995-e0dd60ecaf6b,2026-01-01T14:36:47.352203,insumos,insumo_movement,TRANSFERENCIA,Maíz híbrido,Semilla,7693,bolsas,Santa Rosa,Trenque Lauquen,Trenque Lauquen,2026-01-07T20:05:06.682266
3d1b3c73-4e2a-421f-addf-37e74dfd0fc1,2026-01-06T10:14:28.669374,insumos,insumo_movement,VENTA,Soja RR,Semilla,4665,bolsas,Bahía Blanca,Productor Rodriguez,Bahía Blanca,2026-01-07T20:05:06.682292
152c6a0a-a2e8-42a1-9ea1-666ea61e47b3,2026-01-03T01:21:05.351783,insumos,insumo_movement,TRANSFERENCIA,Urea,Fertilizante,2367,kg,Trenque Lauquen,Pergamino,Pergamino,2026-01-07T20:05:06.682313
28b30bd0-8a9d-4f0a-9444-534d1a00128b,2026-01-02T15:03:47.056726,insumos,insumo_movement,TRANSFERENCIA,Glifosato,Agroquímico,3440,lt,9 de Julio,Pergamino,Pergamino,2026-01-07T20:05:06.682333
e973f334-6bdd-45a9-854f-b2be23505df7,2026-01-04T02:08:30.991663,insumos,insumo_movement,TRANSFERENCIA,Urea,Fertilizante,6423,kg,Bahía Blanca,Trenque Lauquen,Trenque Lauquen,2026-01-07T20:05:06.682355
f9ccf79d-48f4-4c0f-b313-ac1fd7a16bd8,2026-01-04T19:25:57.230595,insumos,insumo_movement,VENTA,Urea,Fertilizante,1230,kg,Santa Rosa,Productor Perez,Santa Rosa,2026-01-07T20:05:06.682384
96f84cce-d138-47f3-856a-d853079f7c6b,2026-01-03T02:08:16.426874,insumos,insumo_movement,VENTA,Glifosato,Agroquímico,643,lt,Pergamino,Productor Martinez,Pergamino,2026-01-07T20:05:06.682412
4f37826c-922b-4e3e-968c-a424886b508f,2026-01-03T02:34:42.793262,insumos,insumo_movement,VENTA,Glifosato,Agroquímico,499,lt,9 de Julio,Productor Gimenez,9 de Julio,2026-01-07T20:05:06.682438
5ad66226-d3ee-484f-aa1b-5d7296a0f6dd,2026-01-05T07:13:16.067597,insumos,insumo_movement,TRANSFERENCIA,Maíz híbrido,Semilla,2932,bolsas,Santa Rosa,Trenque Lauquen,Trenque Lauquen,2026-01-07T20:05:06.682458
dc527500-9359-42fb-80ac-263dbdb33da8,2026-01-01T13:07:59.791279,insumos,insumo_movement,VENTA,MAP,Fertilizante,648,kg,Bahía Blanca,Productor Alvarez,Bahía Blanca,2026-01-07T20:05:06.682484
8a74a675-53f9-4422-accd-a92e58e2092d,2026-01-02T03:15:45.334638,insumos,insumo_movement,TRANSFERENCIA,Soja RR,Semilla,6695,bolsas,Santa Rosa,9 de Julio,9 de Julio,2026-01-07T20:05:06.682503
f5d62af9-c0d5-45d6-b2cc-a9934cfa078e,2026-01-04T20:12:35.188347,insumos,insumo_movement,COMPRA,Soja RR,Semilla,14080,bolsas,Fabricante Directo,Pergamino,Pergamino,2026-01-07T20:05:06.682521
38207696-8a41-4d75-a23a-034803a98d57,2026-01-01T22:25:18.843958,insumos,insumo_movement,COMPRA,Glifosato,Agroquímico,15844,lt,Importador Regional,Santa Rosa,Santa Rosa,2026-01-07T20:05:06.682542
bf805857-d846-40d3-a6c9-9e7896130191,2026-01-06T07:01:55.456982,insumos,insumo_movement,COMPRA,Urea,Fertilizante,23469,kg,Proveedor Nacional,Bahía Blanca,Bahía Blanca,2026-01-07T20:05:06.682559
191fdb77-a940-4ab7-9826-6f1969870dcd,2026-01-04T18:15:28.448203,insumos,insumo_movement,COMPRA,"2,4-D",Agroquímico,16359,lt,Importador Regional,9 de Julio,9 de Julio,2026-01-07T20:05:06.682575
f04476fd-b43d-4efe-b6f5-16cc7907490a,2026-01-06T07:46:41.503778,insumos,insumo_movement,TRANSFERENCIA,MAP,Fertilizante,1752,kg,9 de Julio,Santa Rosa,Santa Rosa,2026-01-07T20:05:06.682593
d235ce44-d1e6-4406-b298-c8865a5ed366,2026-01-04T09:35:23.843066,insumos,insumo_movement,VENTA,"2,4-D",Agroquímico,1566,lt,9 de Julio,Productor Romero,9 de Julio,2026-01-07T20:05:06.682619
208a43da-179c-47cf-be38-74e273a727c0,2026-01-05T17:37:57.107894,insumos,insumo_movement,TRANSFERENCIA,MAP,Fertilizante,1724,kg,Trenque Lauquen,Santa Rosa,Santa Rosa,2026-01-07T20:05:06.682639
77e7d276-c2dd-4a34-bee3-cfdd1ac5ae89,2026-01-04T05:54:06.157058,insumos,insumo_movement,TRANSFERENCIA,Soja RR,Semilla,1702,bolsas,Santa Rosa,Bahía Blanca,Bahía Blanca,2026-01-07T20:05:06.682656
753bfee5-6d0f-4048-8678-84675e33f63e,2026-01-06T18:30:42.723036,insumos,insumo_movement,COMPRA,"2,4-D",Agroquímico,12237,lt,Importador Regional,9 de Julio,9 de Julio,2026-01-07T20:05:06.682674
728c7df8-2432-4134-a1b3-0b419f6ac9d3,2026-01-03T16:04:36.256486,insumos,insumo_movement,TRANSFERENCIA,MAP,Fertilizante,6209,kg,Trenque Lauquen,9 de Julio,9 de Julio,2026-01-07T20:05:06.682691
7d6ce3a2-b2dc-42eb-aa69-11fbd4251548,2026-01-03T05:42:24.543068,insumos,insumo_movement,TRANSFERENCIA,Urea,Fertilizante,5818,kg,9 de Julio,Pergamino,Pergamino,2026-01-07T20:05:06.682709
b58f4eed-6d62-4dcf-851d-c106ce049521,2026-01-03T22:45:23.414552,insumos,insumo_movement,COMPRA,"2,4-D",Agroquímico,15770,lt,Proveedor Nacional,9 de Julio,9 de Julio,2026-01-07T20:05:06.682725
c962fb89-e7a3-4e1f-9194-19ff160b5b4c,2026-01-06T01:50:06.135772,insumos,insumo_movement,TRANSFERENCIA,MAP,Fertilizante,7089,kg,Trenque Lauquen,9 de Julio,9 de Julio,2026-01-07T20:05:06.682742
83d74177-9288-4ae8-acc6-22c8846e7a94,2026-01-05T22:39:38.861402,insumos,insumo_movement,COMPRA,Soja RR,Semilla,2609,bolsas,Proveedor Nacional,9 de Julio,9 de Julio,2026-01-07T20:05:06.682759
842200af-7b6a-46b6-a0e5-85b9a70b9e86,2026-01-02T16:44:34.843806,insumos,insumo_movement,TRANSFERENCIA,Glifosato,Agroquímico,6399,lt,Trenque Lauquen,9 de Julio,9 de Julio,2026-01-07T20:05:06.682775
3ccd269f-a043-4c48-a40a-a978611624d2,2026-01-03T07:57:54.809240,insumos,insumo_movement,TRANSFERENCIA,Maíz híbrido,Semilla,3858,bolsas,Pergamino,9 de Julio,9 de Julio,2026-01-07T20:05:06.682792
b0a421cb-b5e5-4787-aa1d-dc46d61b9b1e,2026-01-02T03:15:17.149056,insumos,insumo_movement,VENTA,Urea,Fertilizante,2313,kg,Santa Rosa,Productor Morales,Santa Rosa,2026-01-07T20:05:06.682829
0cf6ce4f-fa5d-40f0-a0de-4f4dccdea070,2026-01-06T03:03:51.164449,insumos,insumo_movement,VENTA,Glifosato,Agroquímico,2593,lt,Pergamino,Productor Olivera,Pergamino,2026-01-07T20:05:06.682865
0e978b82-73e4-4b37-a0d4-60ce76c77cff,2026-01-07T12:34:50.528262,insumos,insumo_movement,TRANSFERENCIA,MAP,Fertilizante,2455,kg,9 de Julio,Pergamino,Pergamino,2026-01-07T20:05:06.682888
6902a257-88c2-45d1-a993-c964e9aab96e,2026-01-03T04:34:40.753488,insumos,insumo_movement,COMPRA,Urea,Fertilizante,7543,kg,Fabricante Directo,Bahía Blanca,Bahía Blanca,2026-01-07T20:05:06.682908
0eb2a0d4-f7c5-4039-b910-97a2180ec5e8,2026-01-03T14:23:45.964685,insumos,insumo_movement,TRANSFERENCIA,"2,4-D",Agroquímico,7501,lt,Trenque Lauquen,9 de Julio,9 de Julio,2026-01-07T20:05:06.682927
d8252052-c358-43a9-9921-cbfd41837a18,2026-01-07T00:10:54.187842,insumos,insumo_movement,COMPRA,Glifosato,Agroquímico,12448,lt,Importador Regional,Trenque Lauquen,Trenque Lauquen,2026-01-07T20:05:06.682945
93b95960-b5f0-4ed2-af30-ae06af9d2c6c,2026-01-01T23:06:23.952647,insumos,insumo_movement,COMPRA,"2,4-D",Agroquímico,23241,lt,Importador Regional,Pergamino,Pergamino,2026-01-07T20:05:06.682963
49300cc0-af13-4fee-a723-a512284568fa,2026-01-06T21:34:23.728400,insumos,insumo_movement,VENTA,Maíz híbrido,Semilla,4190,bolsas,Bahía Blanca,Productor Cardozo,Bahía Blanca,2026-01-07T20:05:06.682991
1053032a-bf36-478c-9c82-e47eaf1d47bd,2026-01-05T04:00:37.321550,insumos,insumo_movement,TRANSFERENCIA,Maíz híbrido,Semilla,2785,bolsas,9 de Julio,Santa Rosa,Santa Rosa,2026-01-07T20:05:06.683015
3948a5f3-7595-4777-913a-d791656ee69d,2026-01-04T12:13:20.135303,insumos,insumo_movement,COMPRA,Soja RR,Semilla,5919,bolsas,Importador Regional,9 de Julio,9 de Julio,2026-01-07T20:05:06.683040
131be59e-f636-4d3a-92f4-29a07a2db4c0,2026-01-07T12:06:14.709124,insumos,insumo_movement,VENTA,Soja RR,Semilla,574,bolsas,Trenque Lauquen,Productor Lopez,Trenque Lauquen,2026-01-07T20:05:06.683069
4146f350-0014-48cf-b5ee-5e1a323e89d8,2026-01-06T16:27:41.110768,insumos,insumo_movement,COMPRA,"2,4-D",Agroquímico,24502,lt,Fabricante Directo,9 de Julio,9 de Julio,2026-01-07T20:05:06.683088
ba359993-a3af-47f6-97a7-c0be8f71d0a6,2026-01-02T04:42:57.151683,insumos,insumo_movement,VENTA,Urea,Fertilizante,2006,kg,Trenque Lauquen,Productor Barrios,Trenque Lauquen,2026-01-07T20:05:06.683115
d4cf6bd1-b6dd-4614-9e77-9cdbf81d8728,2026-01-06T22:54:42.683660,insumos,insumo_movement,TRANSFERENCIA,Soja RR,Semilla,7660,bolsas,Pergamino,Bahía Blanca,Bahía Blanca,2026-01-07T20:05:06.683135
b9e78ca2-986f-4704-9e16-13faf700447c,2026-01-01T00:17:54.604671,insumos,insumo_movement,VENTA,Soja RR,Semilla,3866,bolsas,9 de Julio,Productor Morales,9 de Julio,2026-01-07T20:05:06.683167
fbc72512-5318-48d6-853a-c23282180b91,2026-01-03T07:10:30.144278,insumos,insumo_movement,TRANSFERENCIA,Glifosato,Agroquímico,1419,lt,Santa Rosa,Trenque Lauquen,Trenque Lauquen,2026-01-07T20:05:06.683188
d4eca564-11ee-4c30-abe4-110f42a3e3bf,2026-01-02T16:30:28.699027,insumos,insumo_movement,VENTA,Urea,Fertilizante,848,kg,Bahía Blanca,Productor Castro,Bahía Blanca,2026-01-07T20:05:06.683216
cf36a75d-2386-4c78-b7fe-94cd16c90c5d,2026-01-02T09:40:52.564922,insumos,insumo_movement,TRANSFERENCIA,"2,4-D",Agroquímico,503,lt,Santa Rosa,Bahía Blanca,Bahía Blanca,2026-01-07T20:05:06.683236
7b3f0fcb-73c3-4b4d-8846-c1d0e18b46a3,2026-01-04T00:32:57.683446,insumos,insumo_movement,COMPRA,Soja RR,Semilla,8852,bolsas,Importador Regional,Pergamino,Pergamino,2026-01-07T20:05:06.683256
ac4ec2e5-5de4-4662-bdf4-bd10550ef60f,2026-01-05T04:05:40.269441,insumos,insumo_movement,VENTA,Urea,Fertilizante,883,kg,9 de Julio,Productor Farias,9 de Julio,2026-01-07T20:05:06.683290
55419e99-c670-4c48-baae-32c1ce003eb3,2026-01-06T13:52:01.141650,insumos,insumo_movement,COMPRA,MAP,Fertilizante,17480,kg,Importador Regional,9 de Julio,9 de Julio,2026-01-07T20:05:06.683310
9ffb489d-e36d-40f6-bae3-cdc89908c107,2026-01-02T03:37:50.062060,insumos,insumo_movement,TRANSFERENCIA,Glifosato,Agroquímico,2594,lt,Pergamino,Bahía Blanca,Bahía Blanca,2026-01-07T20:05:06.683329
b1703923-59e2-42d0-9222-332be30c0698,2026-01-01T16:51:27.318227,insumos,insumo_movement,VENTA,Urea,Fertilizante,1901,kg,Trenque Lauquen,Productor Lopez,Trenque Lauquen,2026-01-07T20:05:06.683356
89eaef95-7dca-404e-b7a6-f2722233e46b,2026-01-05T08:51:10.585987,insumos,insumo_movement,VENTA,MAP,Fertilizante,246,kg,Santa Rosa,Productor Gonzalez,Santa Rosa,2026-01-07T20:05:06.683383
c7a5c37f-aa66-4b3c-b4df-d32482c55396,2026-01-01T01:39:34.299830,insumos,insumo_movement,COMPRA,Urea,Fertilizante,22569,kg,Proveedor Nacional,Trenque Lauquen,Trenque Lauquen,2026-01-07T20:05:06.683402
b64c70e6-5355-40e4-b635-8249ceae33d6,2026-01-04T19:50:16.020703,insumos,insumo_movement,COMPRA,Urea,Fertilizante,7622,kg,Proveedor Nacional,Bahía Blanca,Bahía Blanca,2026-01-07T20:05:06.683420
d8bf7415-58a9-4583-b001-0d20e8f43a7b,2026-01-02T13:11:55.038661,insumos,insumo_movement,TRANSFERENCIA,MAP,Fertilizante,1476,kg,Pergamino,Santa Rosa,Santa Rosa,2026-01-07T20:05:06.683438
1c414ca1-eec0-416f-bfdd-6cc3aa2c14c1,2026-01-07T09:28:55.207255,insumos,insumo_movement,COMPRA,Maíz híbrido,Semilla,17182,bolsas,Importador Regional,Pergamino,Pergamino,2026-01-07T20:05:06.683456
b3b5f1ff-85ae-4bfc-82bd-7cb378bc8d40,2026-01-03T15:53:38.232130,insumos,insumo_movement,TRANSFERENCIA,Maíz híbrido,Semilla,1945,bolsas,Bahía Blanca,9 de Julio,9 de Julio,2026-01-07T20:05:06.683474
567fce06-3d5c-4d6e-a521-fe095b0b4f14,2026-01-06T10:43:36.955373,insumos,insumo_movement,COMPRA,Glifosato,Agroquímico,21919,lt,Importador Regional,Bahía Blanca,Bahía Blanca,2026-01-07T20:05:06.683495
1f612260-63ff-484b-95a9-ddd48e31a689,2026-01-04T06:43:15.706722,insumos,insumo_movement,COMPRA,Glifosato,Agroquímico,24744,lt,Importador Regional,Santa Rosa,Santa Rosa,2026-01-07T20:05:06.683512
c17d5524-1cea-44a2-8a6f-b22877447682,2026-01-06T18:14:57.700815,insumos,insumo_movement,COMPRA,Soja RR,Semilla,16155,bolsas,Fabricante Directo,Bahía Blanca,Bahía Blanca,2026-01-07T20:05:06.683529
6e8946f7-c5ed-480b-b3dc-1079288ad402,2026-01-03T15:15:04.073873,insumos,insumo_movement,VENTA,Glifosato,Agroquímico,789,lt,9 de Julio,Productor Caceres,9 de Julio,2026-01-07T20:05:06.683560
d4fc00a0-9b73-41d5-8234-080c81eb83f1,2026-01-02T09:40:51.312279,insumos,insumo_movement,TRANSFERENCIA,"2,4-D",Agroquímico,2322,lt,Trenque Lauquen,9 de Julio,9 de Julio,2026-01-07T20:05:06.683580
3d5fe73f-0285-4902-a124-c202c5e64ed1,2026-01-03T08:39:48.076621,insumos,insumo_movement,VENTA,Glifosato,Agroquímico,3607,lt,Bahía Blanca,Productor Ledesma,Bahía Blanca,2026-01-07T20:05:06.683607
921af0ca-3be8-4d4c-9998-f29e45ae0fe3,2026-01-02T22:42:44.597092,insumos,insumo_movement,COMPRA,"2,4-D",Agroquímico,1040,lt,Fabricante Directo,Bahía Blanca,Bahía Blanca,2026-01-07T20:05:06.683626
f6b89104-843a-440d-aea4-ef8efda03312,2026-01-06T09:06:51.953132,insumos,insumo_movement,VENTA,Maíz híbrido,Semilla,533,bolsas,Pergamino,Productor Olivera,Pergamino,2026-01-07T20:05:06.683656
c2534b21-429d-4f04-89fa-1a182ceb69f3,2026-01-05T09:21:47.856568,insumos,insumo_movement,TRANSFERENCIA,Soja RR,Semilla,7474,bolsas,Santa Rosa,Bahía Blanca,Bahía Blanca,2026-01-07T20:05:06.683676
d66693b3-0c0f-412d-97d4-c83fb64ed5f6,2026-01-02T06:02:29.517889,insumos,insumo_movement,TRANSFERENCIA,MAP,Fertilizante,4542,kg,Trenque Lauquen,Bahía Blanca,Bahía Blanca,2026-01-07T20:05:06.683694
